text,date
ğŸ”¥ğŸ”¥ğŸ”¥ğŸ”¥ğŸ”¥ğŸ”¥,2024-05-16 15:49:07+00:00
DevoluciÃ³n en H&M un desastre ! Nunca usÃ©is el buzÃ³n de devoluciÃ³n porque yo no recibÃ­ mi dinero aÃºn despuÃ©s de 7 dÃ­as !,2024-05-16 15:30:38+00:00
#BoycottHM #CANCELED #NotoColonizationFunders #FreePalestine #Blockout2024 ğŸ”»ğŸ”»ğŸ”»ğŸ”»ğŸ‡µğŸ‡¸ğŸ‡µğŸ‡¸ğŸ‡µğŸ‡¸âœŒâœŒâœŒ,2024-05-16 15:23:09+00:00
"I want that dress but not going to buy it after finding out your company uses forced labor 
You lost a customer and Iâ€™m taking all my followers with me",2024-05-16 13:14:00+00:00
ğŸ˜ğŸ˜ğŸ˜,2024-05-16 12:23:23+00:00
â¤ï¸,2024-05-16 09:38:42+00:00
mÃ¼kemmel,2024-05-16 06:47:21+00:00
"This company doesn't see any more money from me! For me, starve!",2024-05-16 04:59:01+00:00
Cute,2024-05-16 03:35:08+00:00

"@marasimeonidou ÎšÎ±Î»Î·ÏƒÏ€Î­ÏÎ±! Î˜Î± Ï‡ÏÎµÎ¹Î±ÏƒÏ„ÎµÎ¯ Î½Î± Î¼Î±Ï‚ ÏƒÏ„ÎµÎ¯Î»ÎµÎ¹Ï‚ ÏƒÎµ Ï€ÏÎ¿ÏƒÏ‰Ï€Î¹ÎºÏŒ Î¼Î®Î½Ï…Î¼Î± Ï€Î¿Î¹Î¿ Î±ÎºÏÎ¹Î²ÏÏ‚ Ï†ÏŒÏÎµÎ¼Î± ÏƒÎµ ÎµÎ½Î´Î¹Î±Ï†Î­ÏÎµÎ¹, ÏÏƒÏ„Îµ Î½Î± Î¼Ï€Î¿ÏÎ­ÏƒÎ¿Ï…Î¼Îµ Î½Î± ÏƒÎµ ÎµÎ¾Ï…Ï€Î·ÏÎµÏ„Î®ÏƒÎ¿Ï…Î¼Îµ. Î Î±ÏÎ±Î¼Î­Î½Î¿Ï…Î¼Îµ ÏƒÏ„Î· Î´Î¹Î¬Î¸ÎµÏƒÎ® ÏƒÎ¿Ï….",2024-05-15 12:36:30+00:00
#blockout2024 ğŸ‡µğŸ‡¸,2024-05-15 10:08:05+00:00
Nice,2024-05-15 06:44:26+00:00
"Ich habe den schwarzen Blazer in 36 Ã¼brig :) Falls jemand Interesse hat, gerne melden. I have the black Blazer in 36 left. Message me if youre interested.",2024-05-15 13:34:07+00:00
@lisatpedersen Hi there! Please DM us with the country you are based in and the screenshot of the shorts and we will be able to further assist you. Speak soon!,2024-05-15 12:23:32+00:00
"Postovani, ovo je bila posebna kolekcija koja se rasprodala u trenu i trebalo je puno srece za kupiti artikal. I nalon sto je narudzba prosla, sve bilo placeno Vi mi javljate da tog artikla nazalost nema na stanju...Â 
Vec dugo kupujem u hm... sto mozete vidjeti i po mom korisnickom racunu. Ali posebne kolekcije su svaki put sve gore sto se tice dostupnosti artikala, nacina kupovanja... proslu kolekciju su mi 3 stvari koje sam uspjela staviti u kosaricu maknute iz nje ni pola minute nakon sto sam ih stavila, sada ovo... stvarno nije u redu od HM.a...",2024-05-15 11:55:26+00:00
So coool! Love it!ğŸ‘ğŸ‘ğŸ‘,2024-05-14 10:09:44+00:00
ğŸ™ŒğŸ™ŒğŸ™ŒğŸ™ŒğŸ™ŒğŸ™ŒğŸ™ŒğŸ™Œ,2024-05-12 12:26:26+00:00
Zamin,2024-05-11 13:01:37+00:00
#boycotthm,2024-05-13 14:31:46+00:00
H&M needs to offer a met gala collection,2024-05-13 00:40:40+00:00
ğŸ‘ğŸ¼,2024-05-11 06:59:28+00:00
Love thisğŸ”¥ğŸ”¥ğŸ”¥,2024-05-16 10:21:36+00:00
Awkwafinaaaa gorgeous,2024-05-12 12:43:48+00:00
#freepalestineğŸ‡µğŸ‡¸â¤ï¸ #alleyesonrafah #genocide #gazaunderattack,2024-05-10 22:59:40+00:00
Boycotting+ blocking,2024-05-16 13:15:50+00:00
ğŸ‡µğŸ‡¸ğŸ‡µğŸ‡¸ğŸ‡µğŸ‡¸ğŸ‡µğŸ‡¸ğŸ‡µğŸ‡¸ğŸ‡µğŸ‡¸ğŸ‡µğŸ‡¸ğŸ‡µğŸ‡¸,2024-05-16 13:15:18+00:00
ğŸ‡µğŸ‡¸ğŸ‡µğŸ‡¸ğŸ‡µğŸ‡¸ğŸ‡µğŸ‡¸ğŸ‡µğŸ‡¸ğŸ‡µğŸ‡¸ğŸ‡µğŸ‡¸,2024-05-16 13:15:15+00:00
ãƒŸãƒƒã‚­ãƒ¼ãƒã‚¦ã‚¹ã§æ­©ã„ã¦ã¿ãŸã„ã‚ğŸµ,2024-05-15 13:13:45+00:00
Free Palestine ğŸ‡µğŸ‡¸,2024-05-12 06:41:16+00:00
@casslaro i criticize and this is the point of commentingâ€¦,2024-05-11 23:40:39+00:00
muhteÅŸem bir elbise,2024-05-16 06:46:46+00:00
ğŸ˜¢ Why didnâ€™t they show these outfits?! These are amazing! Had no idea,2024-05-14 15:34:56+00:00
Always said just wait wait wait?? Until when??????,2024-05-13 06:09:39+00:00
ğŸ˜ğŸ˜,2024-05-14 21:53:07+00:00
ğŸ˜ğŸ˜ğŸ˜ğŸ˜,2024-05-14 10:19:29+00:00
@hm merci  bonne journÃ©e,2024-05-09 12:56:32+00:00
ğŸ‘ğŸ‘ğŸ‘,2024-05-14 05:27:52+00:00
ğŸ”¥,2024-05-11 08:10:05+00:00
@hm for Belgium pleaseğŸ˜,2024-05-10 15:06:24+00:00
Why are your womanâ€™s trouser leg length made for someone 6â€™4â€ tall!!! All 4 pairs to be returned. Crazy tailoring,2024-05-15 08:48:41+00:00
hm harikasÄ± ğŸŒ¼,2024-05-07 11:43:12+00:00
ğŸ”¥ğŸ”¥ğŸ”¥,2024-05-07 10:58:22+00:00
"Z,,,,,,,,, ,,,,,,,,,,,,,,, ,,,,,,,,,,,,,,,,,,,,,, all",2024-05-06 17:30:42+00:00
"Please stop selling down. In Vietnam, ducks are stabbed in the neck, feeling the pain of the knife being driven into their throat. and their legs are cut off, for their feathers to be sold to H&M as â€œresponsibly sourcedâ€",2024-05-06 15:53:12+00:00
â™¥ï¸,2024-05-05 18:11:11+00:00
Han den ğŸ–¤ğŸ–¤ğŸ–¤ğŸ–¤ğŸ’œğŸ’œğŸ’œğŸ’œ,2024-05-11 10:12:01+00:00
Thanks ğŸ˜,2024-05-09 10:04:08+00:00
@hmmedellin Colombia,2024-05-09 02:38:07+00:00
"Image 1:
Swimsuit 1217609001

Image 2:
Bikini top 1240239003
Bikini bottom 1223367003

Image 3:
Bikini top 1240512005
Bikini bottoms 1227251016",2024-04-26 11:50:53+00:00
Ã¼rÃ¼nler Ã§ok kaliteli,2024-05-07 12:03:36+00:00
DISGUSTING COMPANY!!!,2024-05-04 03:15:25+00:00
ğŸ˜,2024-05-05 00:04:04+00:00
#DitchDown ğŸ¦†ğŸª¿,2024-05-02 11:13:01+00:00
ğŸ˜,2024-05-02 07:34:11+00:00
"Image 1:
Swimsuit 1209690002

Image 2:
Bikini top 1115638001
Bikini bottom 1217611001",2024-04-23 08:48:59+00:00
Má´€sá´› á´á´€ÊŸ Ê™á´€á´€,2024-05-06 23:23:25+00:00
"Hello,
Respected 

I Recently Saw Your Profile And Am Really Impressed To See It.

Dear, I think We Built A Great Business Relation Together.
I wanted to work as your manufacturing partners.
I Introduce Myself As CEO Of Chic International.
We are the manufacturer and exporter of Sports Wears and Sports Goods.
OEM and ODM orders accepted.
If you are interested,  i  explain you more about my company.

ThankÂ you.",2024-05-02 18:10:45+00:00
âš¡,2024-05-16 15:56:57+00:00
ğŸ”¥ğŸ”¥ğŸ”¥ğŸ”¥ğŸ”¥ğŸ”¥,2024-05-16 15:49:07+00:00
DevoluciÃ³n en H&M un desastre ! Nunca usÃ©is el buzÃ³n de devoluciÃ³n porque yo no recibÃ­ mi dinero aÃºn despuÃ©s de 7 dÃ­as !,2024-05-16 15:30:38+00:00
#BoycottHM #CANCELED #NotoColonizationFunders #FreePalestine #Blockout2024 ğŸ”»ğŸ”»ğŸ”»ğŸ”»ğŸ‡µğŸ‡¸ğŸ‡µğŸ‡¸ğŸ‡µğŸ‡¸âœŒâœŒâœŒ,2024-05-16 15:23:09+00:00
Owaaa!!!ğŸ˜ğŸ˜ğŸ˜,2024-05-16 14:55:21+00:00
"Hi, since morning the collection is in status bientÃ´t disponibleâ€¦.(Belgium). Could you please check?? Thank you! ğŸ™",2024-05-16 14:48:50+00:00
ğŸ”¥â¤ï¸,2024-05-16 14:39:04+00:00
ğŸ˜ğŸ˜ğŸ˜,2024-05-16 14:38:58+00:00
ğŸ‡§ğŸ‡·â¤ï¸ğŸ”¥,2024-05-16 14:32:35+00:00
@itschelseaj_ come to any store its available madam,2024-05-16 14:29:45+00:00
HM ğŸ‘..,2024-05-16 14:23:57+00:00
ğŸ˜ğŸ˜,2024-05-16 13:45:14+00:00
OmmmggğŸ˜,2024-05-16 13:43:43+00:00
Wow so freshğŸ©µ,2024-05-16 13:36:47+00:00
Where is the red maxi? Itâ€™s in the email but not on the site.,2024-05-16 13:24:21+00:00
Bravo â¤ï¸ğŸ”¥,2024-05-16 13:21:38+00:00
Ã‰ no Brasil?ğŸ‡§ğŸ‡·,2024-05-16 13:15:40+00:00
Do you want to explain why I just read that youâ€™re one of the biggest forced labor exploiters in the world??,2024-05-16 13:12:44+00:00
summertime summoned â¤ï¸â€ğŸ”¥,2024-05-16 13:09:59+00:00
So in love with that red one piece!,2024-05-16 13:00:38+00:00
ğŸ™Œ yes,2024-05-16 12:56:49+00:00
@maynama du rouge encore et encore,2024-05-16 12:54:46+00:00
â¤ï¸â¤ï¸â¤ï¸,2024-05-16 12:53:58+00:00
â¤ï¸â¤ï¸â¤ï¸,2024-05-16 12:52:07+00:00
"It's impossible, I'm a millionaire and I don't know what to do with the money.",2024-05-16 12:46:51+00:00
"My God, how many millions of dollars do I have in my bank account, who do I send it to?",2024-05-16 12:46:50+00:00
Pls change your guys store changing rooms from curtains to doors. My privacy has been invaded way too many times.,2024-05-16 12:46:40+00:00
â¤ï¸â¤ï¸â¤ï¸â¤ï¸â¤ï¸â¤ï¸,2024-05-16 12:44:20+00:00
á´€á´€á´Š á´á´‡Ê€á´€ Ê™ÉªÊ€á´›Êœá´…á´€Ê ğŸ‚ Êœá´€Éª á´‹á´Éª á´¡Éªêœ±Êœ á´‹Ê€á´…á´ ğŸ˜¢ğŸ˜¢ğŸ˜¢,2024-05-16 12:43:31+00:00
ğ’¢ğ’½ğ’¶ğ“‡ ğ“…ğ‘’ ğ“€ğ‘œğ’¾ ğ“ƒğ’¾ ğ’½ â˜ºï¸â˜ºï¸ ğ’®ğ“‰ğ‘œğ“‡ğ“ ğ’Ÿğ‘’ğ“€ğ’½ğ‘œ ğ’¢ğ“Šğ“ğ“ˆ ğŸ¥µğŸ¥µğŸ¦‹,2024-05-16 12:43:28+00:00
"I want that dress but not going to buy it after finding out your company uses forced labor 
You lost a customer and Iâ€™m taking all my followers with me",2024-05-16 13:14:00+00:00
ğŸ˜ğŸ˜ğŸ˜,2024-05-16 12:23:23+00:00
â¤ï¸,2024-05-16 09:38:42+00:00
You have no agents in chat from yesterday. Can somebody please reach out to me so that I can get a return label for my order??',2024-05-16 09:37:38+00:00
ğŸ˜ğŸ˜ğŸ˜,2024-05-16 09:35:54+00:00
@romassariolli exatamente!,2024-05-16 09:01:49+00:00
"@hm just has a campaign out, with beautiful pictures taken in Brasil, soundtrack you can hear with Brasilian music, but oh the irony: HM is using cotton from areas that should be preserved ( is HM aware of the massive floodings in south Brasil right now?) This is from april 19 th. : A year-long Earthsight investigation found that fiber certified by ethical supply chain organization Better Cotton was grown on â€œstolenâ€ and â€œdeforestedâ€ land in Brazil. A year-long investigation by nonprofit Earthsight published last week found that cotton grown on what the group said is â€œstolenâ€ and â€œdeforestedâ€ land in Brazilâ€™s Cerrado region appeared in garments approved by supply chain certifier Better Cotton and sold by retail giants H&M and Zara parent company Inditex.
The traced cotton is grown in the Brazilian state of Bahia by two of the countryâ€™s largest producers, SLC AgrÃ­cola and Grupo Horita, per the report, which said both companies have been fined repeatedly for environmental violations. The investigation traced the cotton to eight Asia-based clothing manufacturers that supply H&M and Inditex with â€œmillionsâ€ of garments, per the investigation. So it is absolutely provoking that HM ignores that and still use the Brasilian florests to shoot their campaign, like they care..",2024-05-16 09:01:14+00:00
ğŸ–¤ğŸ–¤ğŸ–¤,2024-05-16 08:58:22+00:00
Uygulama saatlerdir hata veriyor @hm,2024-05-16 08:18:50+00:00
"@hm âš ï¸âš ï¸âš ï¸Ho controllato il mio ordine e sul sito risulta come consegnato ma non l'ho ricevuto.âš ï¸âš ï¸âš ï¸ Nessun pacco Ã¨ arrivato fino ad oggi,16/05/2024 alle 10:12 âš ï¸âš ï¸âš ï¸ @H&M non ha risposto a nessuno dei miei messaggi.âš ï¸âš ï¸âš ï¸âš ï¸",2024-05-16 08:11:56+00:00
"Yes,this is horrendous ğŸ’”. STOP this H&M now!",2024-05-16 07:37:43+00:00
"STOP killing ducks so bloody brutally for their feathers!â€”â€”-shame on you H&MğŸ¤¬,& telling the public that they are ethically sourced!",2024-05-16 07:36:07+00:00
waaaooww,2024-05-16 06:47:07+00:00
"@hannkatsu Schade, dass dir unsere aktuellen Styles nicht zusagen - Mode ist natÃ¼rlich auch immer Geschmacksache. Was die Bademode angeht, so bieten wir derzeit tatsÃ¤chlich nicht viele Looks an und geben dein Feedback gerne entsprechend weiter.",2024-05-16 06:11:51+00:00
"This company doesn't see any more money from me! For me, starve!",2024-05-16 04:55:51+00:00
"Geht euer Unternehmen pleite oder so? Ihr habt fÃ¼r diesen Sommer fast keine Neue Kollektion fÃ¼r Schwangere rausgebracht, alles nur schwarz, basic beige und gestreiftes? Nicht mal neue Bademode habt ihr. Richtig enttÃ¤uscht ihr verliert damit eine einkaufsstarke Zielgruppe. Jetzt muss ich mir woanders moderne Umstandsbikinis holen die bei anderen Ã¼ber 70â‚¬ kosten. Warum bringt ihr nicht die regulÃ¤re Kollektion als Umstandsmode raus? FrÃ¼her hattet ihr so schÃ¶ne Sachen.",2024-05-16 03:52:30+00:00
ğŸ˜ğŸ˜¢ğŸ‘,2024-05-15 22:13:44+00:00
ğŸ”¥ğŸ”¥ğŸ”¥,2024-05-15 21:53:33+00:00
Nice dress ğŸ˜,2024-05-15 20:15:46+00:00
ğŸ‘,2024-05-15 18:58:18+00:00
Why did you discontinue the plus section in India?,2024-05-15 18:15:54+00:00
"In Vietnam, ducks are stabbed in the neck and their legs are cut off. Their stolen feathers are then sold to H&M as â€œresponsibly sourcedâ€ down @peta",2024-05-15 17:56:12+00:00
Hey y'all fancy a disabled athlete for any modelling projects?,2024-05-15 17:15:32+00:00
@danielagomezramos,2024-05-15 17:01:17+00:00
,2024-05-15 16:22:33+00:00
@lena_k_1124 dann Kauf es nicht und Ende!!!,2024-05-15 16:16:46+00:00
@shahedadollie Nein!!!,2024-05-15 16:16:22+00:00
Please check DM. Thank you â¤ï¸,2024-05-15 15:47:47+00:00
â¤ï¸â¤ï¸â¤ï¸,2024-05-15 15:11:00+00:00
@lena_k_1124 Du findest bei uns auch sehr viele Looks aus Baumwolle - filter im Onlineshop einfach nach deinem Lieblingsmaterial.,2024-05-15 15:04:16+00:00
Polyester ğŸ‘ğŸ»ğŸ‘ğŸ»ğŸ‘ğŸ»,2024-05-15 14:56:42+00:00
"When l lost my job, I thought I have lost it all. With the little cash of $2.000 I got $15.000 with  she may not know it, but really she has saved my life @ashley__taylor_",2024-05-15 14:45:39+00:00
HM ğŸ‘..,2024-05-15 13:46:16+00:00
The 2nd dress ğŸ˜ğŸ˜,2024-05-15 13:27:01+00:00
I have blocked this account!!! How dare you advertise to me!,2024-05-15 13:25:24+00:00
Chicâ¤ï¸,2024-05-15 13:17:30+00:00
â¤ï¸â¤ï¸,2024-05-15 13:08:01+00:00
"Almost everytime I place an order recently you recharge me for the order days even weeks later and then refund me back the money a day or so later 
Like the order has already been paid and received and Iâ€™m being charged for it again out of nowhere. It happens often and it makes no sense. I donâ€™t think Iâ€™ll be ordering anymore itâ€™s very frustrating",2024-05-15 12:57:26+00:00
,2024-05-15 12:39:16+00:00
ğŸ¤·ğŸ¼â€â™€ï¸ğŸ™„ğŸ™„ğŸ™„,2024-05-15 12:02:50+00:00
"Bouncing back stronger when it comes to finance. All thanks to you I actually made about $100,000 with an investment of $10,000. I recommend @ashley__taylor_",2024-05-15 11:43:59+00:00
"Quem compra moda criminosa  legalizada, deveria saber que essa empresa compra algodÃ£o oriundo de grilagem de terras no Brasil, colocando em risco o bioma CERRADO  brasileiro e a vida dos nossos povos originarios. Tudo estÃ¡ certificado pela Better Cotton que nÃ£o vÃª  nenhuma irregularidade.
InformaÃ§Ãµes do relatÃ³rio desenvolvido pela ONG EARTHSIGHT lanÃ§ado em 11/04/24.
 #crimesnamoda  #grilagem #desmatamento  #cerrado",2024-05-15 11:40:04+00:00
Why show it? It's out of stock in both colours in every side ğŸ˜‚,2024-05-15 11:10:53+00:00
I love H&M store â¤ï¸ğŸ˜,2024-05-15 11:06:10+00:00
"Yuk, the 80s and 90s are finished, where are the fresh new designs?",2024-05-15 11:01:45+00:00
Genocide supporter...blocking this account.,2024-05-15 10:47:18+00:00
I want 1ğŸ”¥ğŸ”¥ğŸ”¥,2024-05-15 10:40:18+00:00
Done block out ğŸ”¥,2024-05-15 10:39:47+00:00
ğŸ”¥ğŸ”¥ğŸ”¥â¤ï¸â¤ï¸,2024-05-15 10:29:56+00:00
ğŸ‘½,2024-05-15 10:24:27+00:00
mÃ¼kemmel,2024-05-16 06:47:21+00:00
"This company doesn't see any more money from me! For me, starve!",2024-05-16 04:59:01+00:00
Cute,2024-05-16 03:35:08+00:00
"@itsgonnabejustright wait Israel is now a regime, last time I checked was a Republic while Palestine isn't!",2024-05-15 22:08:53+00:00
I love the first dress but itâ€™s sold out ğŸ˜­ğŸ˜­ğŸ˜­ğŸ˜­,2024-05-15 21:02:57+00:00
"@junglasuburbana oh Marina, you gullible thing you. Supporting a regime no better than Nazi Germany isn't a cute look on you. But go ahead, keep shouting 'khammass' and 'human shieldzz', put your fingers in your ears too, if that helps you sweetie ğŸ˜‰ğŸ˜˜",2024-05-15 20:40:18+00:00
"@itsgonnabejustright Just to make it clear Zara and H&M are not thr same company and they don't both take the blame just because they sell the same kind of product. Even though I have to say that Zara did anything wrong and so H&M, is not them killing kids is Hamas using them as huma shields.",2024-05-15 20:02:08+00:00
ğŸ”¥,2024-05-15 19:26:10+00:00
"In Vietnam, ducks are stabbed in the neck and their legs are cut off. Their stolen feathers are then sold to H&M as â€œresponsibly sourcedâ€ down @peta",2024-05-15 17:56:35+00:00
Is it me or is the online customer service with HM the worst. 10 minutes asking rep to speak to a supervisor as she made up reasons for my call none of them I ever told her she refused to allow me to speak to a supervisor. I had to literally yâ€™all at her for her to get the point. She donâ€™t listen to a word I was saying the conversation was repetitive and dare I say down right annoying because it was as if I was talking to myself the language barriers have become to much when trying to get issues resolved,2024-05-15 12:11:29+00:00
"Bouncing back stronger when it comes to finance. All thanks to you I actually made about $100,000 with an investment of $10,000. I recommend @ashley__taylor_",2024-05-15 11:44:22+00:00
Check my page,2024-05-15 10:30:17+00:00
NiceğŸ˜ğŸ”¥ğŸ‘,2024-05-15 10:29:53+00:00
People you need to boycott brands that still participate funding arms for Israel 220 days of genocide ğŸ‡µğŸ‡¸ #blockout2024 ğŸ‡µğŸ‡¸,2024-05-15 10:06:24+00:00
ğŸ©·ğŸ©·ğŸ©·,2024-05-15 09:52:38+00:00
"@ahh_sharon_ Hello, Sharon! We greatly appreciate your interest on checking this beautiful dress. Rest assured, we will help you locate the item and see what we can do. We're able to find the item and you may check it on the app or our website using this link https://www2.hm.com/en_au/productpage.1217947003.html. As of now, this item is still labeled as coming soon which means we're still about to release this item online in Australia but we currently don't have the exact date to when this will be available for purchase. However, we suggest keeping an eye on the item online using the link provided for you to be notified once it gets released and for you to place an order since this item is only exclusive for online purchase. 

Kindly refer to the steps below to place an order successfully. 

1. Kindly log on to your H&M account by using our website through this link https://www2.hm.com/en_au/index.html. 

2. Add the boots to your shopping bag. 

3. Check all the necessary information on your H&M account(email, delivery address and billing address) 

4. Proceed to checkout. 

After a few minutes, you will receive an email to confirm your order. To know more about our order and deliveries, please refer to this link https://www2.hm.com/en_au/customer-service/shippinganddelivery.html. Hope this helps!",2024-05-15 09:43:31+00:00
@hm image 2 not available in Australia?,2024-05-15 09:25:32+00:00
"Sono una ragazza che ha appena aperto un negozio con tanto impegno e sacrifici, chiedo supporto a tutti voi ho abbigliamento e accessori allâ€™ultima moda e di alta qualitÃ  a prezzi modici âœ¨âœ¨âœ¨",2024-05-15 09:08:12+00:00
@junglasuburbana why paying attention now? Not fashionable or trendy to see the genocide these big labels are contributing to? Aww ğŸ˜˜ğŸ‡µğŸ‡¸,2024-05-15 08:57:00+00:00
@karolgaarden Hello there! Please send us a private message or contact live customer service so we can better advise. Speak soon!,2024-05-15 08:33:46+00:00
,2024-05-15 07:41:45+00:00
@ida_egerstad Hello! Please send us a direct message so we can assist you! Take care!,2024-05-15 07:21:15+00:00
@sara0lofsson Hi there! Thank you for your message. We did have a global technical issue causing problem with the delivery options in checkout. We are really sorry about the inconvenience and are happy to share that the problem is now solved ğŸ˜Š,2024-05-15 07:20:04+00:00
"@marcicalisto Hi there, we're sorry to hear this! Please send us a DM, then we can look into this for you. We are looking forward to your message!",2024-05-15 07:09:08+00:00
La lÃ­nea de camisetas de moda en la capital! @underground28700 Link en BIO,2024-05-15 06:52:29+00:00
"@snesha___ Wir bedauern deine Schilderung, doch kÃ¶nnen wir an dieser Stelle nicht viel dazu sagen. Du kannst dich gerne einmal via Direktnachricht bei uns melden und wir werfen einen Blick auf dein Konto.",2024-05-15 06:16:21+00:00
"Hello! I am a young person who cares about protecting animals. I really admire your company, and ask you to take a stand for corporate sustainability and social responsibility. Please consider no longer selling fur or other animal materials. Conscious consumers like myself want to know that our favorite companies are committed to sustainable, eco-friendly, animal-free materials. Thank you for your time and consideration!",2024-05-15 00:09:38+00:00
Please respond to DM. Thank you!,2024-05-14 23:24:30+00:00
In love ğŸ˜,2024-05-14 23:23:25+00:00
Y,2024-05-14 23:13:02+00:00
ğŸ˜ğŸ˜ğŸ˜,2024-05-14 21:59:17+00:00
ğŸ™ŒğŸ™ŒğŸ™ŒğŸ™ŒğŸ™ŒğŸ™ŒğŸ™ŒğŸ™ŒğŸ™ŒğŸ™ŒğŸ™ŒğŸ™Œ,2024-05-14 21:32:12+00:00
,2024-05-14 21:04:50+00:00
@miliecl Beautiful right? Our heeled suede sandals are available in select countries. You can check availability using the product number 1217971001. Happy shopping!,2024-05-14 20:34:49+00:00
#blockout,2024-05-14 20:10:15+00:00
#blockout2024ğŸ‡µğŸ‡¸,2024-05-14 20:10:02+00:00
#blockout2024ğŸ‡µğŸ‡¸,2024-05-14 20:09:39+00:00
"H&M,was ist mit eurem Service los? Seit wann seid ihr so schlecht geworden?Ich bin jahrelanger ,zufriedener Kunde und habe immer gerne und nicht wenig bei euch gekauft.In letzter Zeit passieren aber viele Fehler.entweder bekomme ich eine falsche Ware oder meine Retoure wird nicht richtig verbucht.Bis jetzt hat das aber immer Ã¼ber den Chat gut geklappt und man konnte mir immer helfen.Heute aber,stellte ich wieder fest dass eine Retoure falsch verbucht wurde und wandte mich an den Chat in der App und die Dame sagt mir ,da bei mir in letzter Zeit Ã¶fters was falsch verbucht worden ist,werdet ihr mir nichts mehr korrigieren weil ein Verpackungsfehler oder buchungsfehler eurer Seits ausgeschlossen werden kann.Wie dreist ist das denn bitte??!!! Ich soll fÃ¼r etwas zahlen was ich mir nicht behalten habe! Mir wird unterstellt es sei mein Fehler.Stellt euch mal vor ich bestelle was teures und ihr kommt mir dann so!das ist eine bodenlose Frechheit! Ich bin sauer,verÃ¤rgert ,wÃ¼tend,enttÃ¤uscht.Ihr habt mich definitiv als Kundin verloren ,denn so etwas habe ich noch nie wo gesehen.nicht bei zara,Mango,weekday,Stradivarius oder sonst wo.schÃ¤mt euch!",2024-05-14 19:52:48+00:00
"@hm it didnâ€™t work! All day trying to fix itâ€¦ the website is saying that my address donâ€™t existğŸ˜‚ I buy and work for you guys for years! Now I have to buy from another store, because is still not working!",2024-05-14 19:51:47+00:00
"Ich hatte des Ã–fteren falsch verbuchte Retouren in der Vergangenheit. Nachdem mehrmals auf meine Nachfrage nachgeforscht wurde bekam ich eine Email, in der mir mein Recht auf Nachforschungen genommen wurde und pauschal ausgeschlossen wurde, dass weitere Korrekturen in meinem Kundenkonto vorgenommen  wÃ¼rden. Jetzt gab es schon wieder ein Artikel der trotz RÃ¼cksendung nicht als Retoure verbucht wurde. Die Kosten soll ich tragen mit Verweis auf die E-Mail. Laut meinem Anwalt ist dieses Verhalten nicht zulÃ¤ssig. Ist das noch jemandem passiert? Ich wÃ¤re dankbar Ã¼ber Eure Erfahrungsberichte, vor allem ist mir aber auch wichtig aufzuklÃ¤ren.",2024-05-14 19:47:23+00:00
#boycott #blockout2024  clean up time!,2024-05-14 19:32:54+00:00
@jarrahalqahs why H&M now? Is not fashionable to post the same under the other clothes brand?,2024-05-14 19:31:22+00:00
@ida_egerstad Same,2024-05-14 18:25:36+00:00
"@hm Please fix your website and app. It has not been working for several hours, so I can't get past the delivery address.",2024-05-14 18:25:06+00:00
"Please fix your website and app. It has not been working for several hours, so I can't get past the delivery address.",2024-05-14 18:23:57+00:00
"@hm I have deleted the app, installed it again but that didnâ€™t help.",2024-05-14 18:22:43+00:00
@hm I have done that already and i still cant get past delivery adress,2024-05-14 18:10:51+00:00
"@karolgaarden Hi there! We're sorry for the app trouble you're experiencing and know how frustrating this can be. To help get our app running smoothly, we kindly ask that you delete the app from your device and reinstall it. This will ensure you've got our most current app software and help with shopping hiccups. Kind regards!",2024-05-14 18:09:12+00:00
â¤ï¸â¤ï¸â¤ï¸,2024-05-14 16:58:02+00:00
Orribile ogni cosa,2024-05-14 16:45:07+00:00
Boycotting+ blocking,2024-05-16 13:15:50+00:00
ğŸ‡µğŸ‡¸ğŸ‡µğŸ‡¸ğŸ‡µğŸ‡¸ğŸ‡µğŸ‡¸ğŸ‡µğŸ‡¸ğŸ‡µğŸ‡¸ğŸ‡µğŸ‡¸ğŸ‡µğŸ‡¸,2024-05-16 13:15:18+00:00
ğŸ‡µğŸ‡¸ğŸ‡µğŸ‡¸ğŸ‡µğŸ‡¸ğŸ‡µğŸ‡¸ğŸ‡µğŸ‡¸ğŸ‡µğŸ‡¸ğŸ‡µğŸ‡¸,2024-05-16 13:15:15+00:00
ğŸ‡µğŸ‡¸ğŸ‡µğŸ‡¸ğŸ‡µğŸ‡¸ğŸ‡µğŸ‡¸ğŸ‡µğŸ‡¸ğŸ‡µğŸ‡¸,2024-05-16 13:15:13+00:00
#freepalestine,2024-05-16 13:15:08+00:00
#freepalestine,2024-05-16 13:15:02+00:00
#blockout2024ğŸ‡µğŸ‡¸,2024-05-16 13:14:52+00:00
#blockout2024,2024-05-16 13:14:43+00:00
Beautiful collectionğŸ‘ŒğŸ» I love this dress ğŸ¥°,2024-05-15 12:26:26+00:00
"#boycott brands that support Israel in her Genocide, Israel is a terrorist illegal state #blockout2024 ğŸ‡µğŸ‡¸ğŸ‡µğŸ‡¸",2024-05-15 10:07:50+00:00
La lÃ­nea de camisetas de moda en la capital! @underground28700 Link en BIO,2024-05-15 06:52:36+00:00
Proyecto cbumcoleman,2024-05-15 01:20:01+00:00
,2024-05-14 19:47:35+00:00
#dropaidintogaza ğŸ‡¯ğŸ‡´ğŸ‡¯ğŸ‡´ğŸ‡¯ğŸ‡´ğŸ‡¯ğŸ‡´,2024-05-14 11:46:26+00:00
#blockout2024,2024-05-14 08:21:25+00:00
ğŸ‡µğŸ‡¸ğŸ‡µğŸ‡¸ğŸ‰ğŸ‰ğŸ‡µğŸ‡¸ğŸ‰ğŸ‡µğŸ‡¸ğŸ‰ğŸ‡µğŸ‡¸ğŸ‰ğŸ‡µğŸ‡¸ğŸ‰ğŸ‡µğŸ‡¸ğŸ‰ğŸ‡µğŸ‡¸ğŸ‰,2024-05-14 06:58:27+00:00
Boycott for Palestine ğŸ‡µğŸ‡¸,2024-05-14 05:37:52+00:00
Catriona in this account plisss:),2024-05-14 05:19:13+00:00
#boycotthm,2024-05-14 04:39:19+00:00
#blockout2024ğŸ‡µğŸ‡¸,2024-05-14 04:26:35+00:00
#blockout2024 ğŸ‡µğŸ‡¸ğŸ‡µğŸ‡¸ğŸ‡µğŸ‡¸ğŸ‡µğŸ‡¸ğŸ‡µğŸ‡¸ğŸ‰ğŸ‰âœŒğŸ»âœŒğŸ»,2024-05-14 03:44:53+00:00
Block,2024-05-14 02:36:59+00:00
ğŸ‡µğŸ‡¸,2024-05-14 00:49:16+00:00
ğŸ‡µğŸ‡¸ğŸ‡µğŸ‡¸ğŸ‡µğŸ‡¸ğŸ‡µğŸ‡¸ğŸ‡µğŸ‡¸,2024-05-14 00:34:47+00:00
All eyes on Gaza,2024-05-13 23:18:50+00:00
ğŸ˜,2024-05-13 22:42:22+00:00
#blockout2024ğŸ‡µğŸ‡¸,2024-05-13 21:29:33+00:00
#blockout2024ğŸ‡µğŸ‡¸,2024-05-13 21:29:21+00:00
â¤ï¸â¤ï¸â¤ï¸â¤ï¸â¤ï¸â¤ï¸â¤ï¸â¤ï¸â¤ï¸,2024-05-13 21:01:51+00:00
#blockout2024,2024-05-13 19:45:32+00:00
#freepalestineğŸ‡µğŸ‡¸,2024-05-13 19:15:15+00:00
#blockout,2024-05-13 19:04:59+00:00
Free Palestine,2024-05-13 18:34:29+00:00
Haaaa you are being blocked lol,2024-05-13 18:34:20+00:00
Blockout ğŸ‘‹ğŸ‘‹ğŸ‡µğŸ‡¸ğŸ‡µğŸ‡¸,2024-05-13 17:53:13+00:00
"#freepalestineğŸ‡µğŸ‡¸ #blockout2024
#alleyesonrafah #freecongoğŸ‡¨ğŸ‡©",2024-05-13 17:08:05+00:00
#freepalestine #boycott,2024-05-13 16:48:19+00:00
Block,2024-05-13 16:29:14+00:00
Bring back the black patent tote shopper bag ğŸ–¤,2024-05-13 16:11:12+00:00
#blockout2024,2024-05-13 14:31:33+00:00
#boycotthm,2024-05-13 14:31:19+00:00
,2024-05-13 14:27:33+00:00
GreatğŸ˜,2024-05-13 13:52:19+00:00
ğŸ˜ğŸ˜ğŸ˜stupendo,2024-05-13 13:15:38+00:00
"@libre_come_ Hi there! We are sorry to hear this. For us to safely access your account and look into this for you please DM us and confirm your full name, order number, email address and complete billing address. Speak soon!",2024-05-13 12:43:28+00:00
#blockout2024ğŸ‡µğŸ‡¸,2024-05-13 11:27:52+00:00
Itâ€™s really difficult to get refund from its online website. I have ordered 2 trousers two week ago but I havenâ€™t received the refund till now. The most useless customer services . Never gonna order anything from @hm,2024-05-13 10:23:23+00:00
ğŸ‡µğŸ‡¸ğŸ‡µğŸ‡¸ğŸ‡µğŸ‡¸ğŸ‡µğŸ‡¸ğŸ‡µğŸ‡¸ğŸ‡µğŸ‡¸ğŸ‡µğŸ‡¸,2024-05-13 09:05:57+00:00
ğŸ‡µğŸ‡¸ğŸ‡µğŸ‡¸ğŸ‡µğŸ‡¸ğŸ‡µğŸ‡¸ğŸ‡µğŸ‡¸ğŸ‡µğŸ‡¸ğŸ‡µğŸ‡¸ğŸ‡µğŸ‡¸,2024-05-13 09:05:52+00:00
ğŸ‰ğŸ‰ğŸ‰,2024-05-13 09:05:42+00:00
"@marasimeonidou ÎšÎ±Î»Î·ÏƒÏ€Î­ÏÎ±! Î˜Î± Ï‡ÏÎµÎ¹Î±ÏƒÏ„ÎµÎ¯ Î½Î± Î¼Î±Ï‚ ÏƒÏ„ÎµÎ¯Î»ÎµÎ¹Ï‚ ÏƒÎµ Ï€ÏÎ¿ÏƒÏ‰Ï€Î¹ÎºÏŒ Î¼Î®Î½Ï…Î¼Î± Ï€Î¿Î¹Î¿ Î±ÎºÏÎ¹Î²ÏÏ‚ Ï†ÏŒÏÎµÎ¼Î± ÏƒÎµ ÎµÎ½Î´Î¹Î±Ï†Î­ÏÎµÎ¹, ÏÏƒÏ„Îµ Î½Î± Î¼Ï€Î¿ÏÎ­ÏƒÎ¿Ï…Î¼Îµ Î½Î± ÏƒÎµ ÎµÎ¾Ï…Ï€Î·ÏÎµÏ„Î®ÏƒÎ¿Ï…Î¼Îµ. Î Î±ÏÎ±Î¼Î­Î½Î¿Ï…Î¼Îµ ÏƒÏ„Î· Î´Î¹Î¬Î¸ÎµÏƒÎ® ÏƒÎ¿Ï….",2024-05-15 12:36:30+00:00
#blockout2024 ğŸ‡µğŸ‡¸,2024-05-15 10:08:05+00:00
Nice,2024-05-15 06:44:26+00:00
"ÎšÎ±Î»Î·ÏƒÏ€Î­ÏÎ±,  Ï€Î¿Î¹Î¿Ï‚ ÎµÎ¯Î½Î±Î¹ Î¿ ÎºÏ‰Î´Î¹ÎºÏŒÏ‚ Ï„Î¿Ï… Ï†Î¿ÏÎ­Î¼Î±Ï„Î¿Ï‚ Î³Î¹Î± Î½Î± Ï„Î¿ Ï€Î±ÏÎ±Î³Î³ÎµÎ¯Î»Ï‰?",2024-05-14 16:05:06+00:00
"@marietta__jan This blazer is truly one of our absolute favorites! To see if it's available in your area, please enter product number 1223815002 into our search engine. Happy shopping!",2024-05-14 15:11:57+00:00
whatâ€™s the article of blazer?,2024-05-14 10:59:41+00:00
Boycott for Palestine ğŸ‡µğŸ‡¸,2024-05-14 05:37:57+00:00
#blockout2024 #blockout2024ğŸ‡µğŸ‡¸ #blockout,2024-05-13 18:07:20+00:00
ğŸ‡µğŸ‡¸ğŸ‡µğŸ‡¸ğŸ‡µğŸ‡¸ğŸ‡µğŸ‡¸ğŸ‡µğŸ‡¸ğŸ‡µğŸ‡¸,2024-05-13 09:06:25+00:00
ğŸ‡µğŸ‡¸ğŸ‡µğŸ‡¸ğŸ‡µğŸ‡¸,2024-05-12 22:38:53+00:00
Wow,2024-05-12 19:03:02+00:00
WowğŸ˜,2024-05-12 19:01:38+00:00
#chop #freepalestine #boycott #bye ğŸ‡µğŸ‡¸ğŸ‡µğŸ‡¸ğŸ‡µğŸ‡¸,2024-05-12 10:27:58+00:00
,2024-05-12 09:48:21+00:00
#blockout2024,2024-05-12 07:10:34+00:00
#blockout,2024-05-12 07:10:14+00:00
your silence will be remembered.,2024-05-12 05:30:06+00:00
Blocked for being silent/complicit for the genocide in Gaza. Shame.,2024-05-12 04:51:55+00:00
Beautiful ğŸ˜»,2024-05-11 21:33:36+00:00
,2024-05-11 20:33:38+00:00
ğŸ”¥ğŸ”¥ğŸ”¥,2024-05-11 17:56:28+00:00
Sold out in few minutes. Waste of time.,2024-05-11 16:23:21+00:00
ğŸ˜ğŸ˜ğŸ˜ğŸ˜,2024-05-11 10:05:25+00:00
Love it! ğŸ”¥,2024-05-11 08:28:11+00:00
"@misspinkyorange Es freut uns zu lesen, dass dir die Kollektion so gut gefÃ¤llt. Da wir die Items nur in geringer StÃ¼ckzahl anbieten, kann es sehr schnell passieren, dass sie ausverkauft sind, das tut uns natÃ¼rlich leid.",2024-05-11 07:33:37+00:00
#freepalestine,2024-05-11 03:43:54+00:00
#blockout #blockout2024 #blockinfluencers #blockcelebrities #blocknonintersectionalhealers #blocknonintersectionalfeminists #blocknonintersecrionalallys #alleyesonrafah #freepalestine #capitolvsdistricts,2024-05-11 02:49:55+00:00
ğŸ”¥ğŸ”¥ğŸ”¥ğŸ”¥ğŸ”¥ğŸ”¥,2024-05-11 01:24:24+00:00
ğŸ˜ğŸ˜,2024-05-11 00:10:46+00:00
Die neue Kollektion ist der Wahnsinn ğŸ˜ enttÃ¤uscht bin ich dennoch ã€‹ den ganzen Vormittag gewartet bis es endlich online ist ã€‹ zack in 5 min alles ausverkauft! ğŸ˜¢ habt ihr sooooo wenig von der Ware oder ist die Kollektion nur fÃ¼r VIPs? ğŸ«¤,2024-05-10 23:20:44+00:00
ğŸ‡µğŸ‡¸ğŸ‡µğŸ‡¸ğŸ‡µğŸ‡¸,2024-05-10 22:54:58+00:00
#freepalestineğŸ‡µğŸ‡¸,2024-05-10 21:15:03+00:00
The flyest! Big dawg @lordkezğŸ”¥ğŸš€,2024-05-10 19:23:56+00:00
ğŸ’¥,2024-05-10 17:35:00+00:00
Owaaa!!!ğŸ˜ğŸ˜ğŸ˜,2024-05-10 17:11:15+00:00
YES @lordkez ğŸ¥â¤ï¸,2024-05-10 16:42:32+00:00
ğŸ˜ğŸ”¥ğŸ”¥ Stunning!,2024-05-10 16:31:18+00:00
Ugh ğŸ˜,2024-05-10 16:24:50+00:00
"Hello , I need my money back , where is the customer service ????? You just keep my money now ?",2024-05-10 15:40:39+00:00
"3rd slide. I'm in love with the dress ğŸ˜  the code, please ğŸ™ğŸ¾",2024-05-10 14:45:03+00:00
@lordkez ate,2024-05-10 14:38:29+00:00
What is the product code for the dress in the first slide of the carousel please? Thanks Liz,2024-05-10 14:35:11+00:00
Beautiful ğŸ˜» ğŸ‡¿ğŸ‡¦,2024-05-10 14:08:11+00:00
Wasted two days waiting for the launch on 2 different countries. Will ignore H&M next time. They clear don't care about the general public,2024-05-10 13:39:26+00:00
A curated queen @lordkez ğŸ”¥,2024-05-10 13:29:26+00:00
#freepalestine âœŠğŸ¼,2024-05-10 13:20:59+00:00
Ahhhhhh @lordkez u look so good ğŸ¥ºâ€¼ï¸,2024-05-10 13:14:20+00:00
So niceğŸŒˆğŸ’«,2024-05-10 12:47:40+00:00
ğŸ”¥ğŸ”¥ğŸ”¥,2024-05-10 12:45:24+00:00
#blockout2024 ğŸ‡µğŸ‡¸ğŸ‡µğŸ‡¸ğŸ‡µğŸ‡¸,2024-05-10 12:43:01+00:00
"Ich habe den schwarzen Blazer in 36 Ã¼brig :) Falls jemand Interesse hat, gerne melden. I have the black Blazer in 36 left. Message me if youre interested.",2024-05-15 13:34:07+00:00
@lisatpedersen Hi there! Please DM us with the country you are based in and the screenshot of the shorts and we will be able to further assist you. Speak soon!,2024-05-15 12:23:32+00:00
"Postovani, ovo je bila posebna kolekcija koja se rasprodala u trenu i trebalo je puno srece za kupiti artikal. I nalon sto je narudzba prosla, sve bilo placeno Vi mi javljate da tog artikla nazalost nema na stanju...Â 
Vec dugo kupujem u hm... sto mozete vidjeti i po mom korisnickom racunu. Ali posebne kolekcije su svaki put sve gore sto se tice dostupnosti artikala, nacina kupovanja... proslu kolekciju su mi 3 stvari koje sam uspjela staviti u kosaricu maknute iz nje ni pola minute nakon sto sam ih stavila, sada ovo... stvarno nije u redu od HM.a...",2024-05-15 11:55:26+00:00
Do you have a product nr on the beige shorts from this collection? I know its sold out but I want to see If it comes back Stock. Thanks ğŸ˜,2024-05-15 04:15:24+00:00
@__jades__ also why they want to charge for a bag for 10 cents when we go shopping at the mall,2024-05-15 01:08:46+00:00
"@shvindt_u Oh no! We're sorry to hear your order was cancelled. Please DM us with your query, so that we can take a further look into this for you. Hope to hear from you soon!",2024-05-14 14:49:34+00:00
Exactly. Thatâ€™s why I shop at Zara because they wouldnâ€™t pull this bs.,2024-05-14 12:13:09+00:00
Looking for the orange dress in M,2024-05-14 04:34:41+00:00
@imjodn as usual... ğŸ¤¦ğŸ»â€â™€ï¸ğŸ¤¦ğŸ»â€â™€ï¸ğŸ¤¦ğŸ»â€â™€ï¸ğŸ¤¦ğŸ»â€â™€ï¸ğŸ¤¦ğŸ»â€â™€ï¸ğŸ¤¦ğŸ»â€â™€ï¸ğŸ¤¦ğŸ»â€â™€ï¸,2024-05-13 21:27:21+00:00
ğŸ‘ğŸ‘ğŸ‘ğŸ‘ğŸ‘ğŸ‘,2024-05-13 21:26:31+00:00
@enliess ğŸ‘ğŸ‘ğŸ‘ğŸ‘ğŸ‘,2024-05-13 21:23:44+00:00
ğŸ˜ğŸ˜ğŸ˜ğŸ˜,2024-05-13 16:33:04+00:00
ğŸ”¥ğŸ”¥ğŸ”¥ğŸ”¥ğŸ”¥,2024-05-12 23:10:31+00:00
ğŸ‡µğŸ‡¸ğŸ‡µğŸ‡¸ğŸ‡µğŸ‡¸,2024-05-12 22:38:58+00:00
RESTOCK THE BAAAAAGG,2024-05-12 17:13:57+00:00
,2024-05-12 08:20:52+00:00
Well said,2024-05-12 06:15:29+00:00
ğŸ”¥ğŸ”¥ğŸ”¥ğŸ”¥ğŸ”¥,2024-05-12 05:17:16+00:00
à¤šà¥à¤¤à¥à¤¯à¤¾ğŸ˜‚,2024-05-11 19:41:47+00:00
â¤ï¸â¤ï¸â¤ï¸â¤ï¸â¤ï¸â¤ï¸â¤ï¸â¤ï¸â¤ï¸â¤ï¸â¤ï¸,2024-05-11 10:26:15+00:00
Ù…ÙŠÙ† Ø§Ù„ÙƒØ§Ø¦Ù† Ø¯Ø§,2024-05-11 09:14:35+00:00
Ğ­Ñ‚Ğ¾ Ğ´Ğµ Ğ¸Ğ· ÑÑ‚Ğ¾Ğ¹ Ğ¸Ğ³Ñ€Ñ‹ Ğ³Ğ´Ğµ Ñ‚Ñ‹ ÑƒĞ±ĞµĞ³Ğ°ĞµÑˆ Ğ¾Ñ‚ ĞºĞ¾Ğ³Ğ¾ Ñ‚Ğ¾ Ñ Ñ‚ÑƒĞ½ĞµĞ»Ñ,2024-05-11 09:04:55+00:00
Youse want to also work on being able to handle your fulfilment and SLOâ€™sâ€¦ even if you do get to purchase anything your waiting way over the estimated time frame.,2024-05-10 21:32:52+00:00
"Should drop 10th in Germany, waiting whole night! morning..evening.. AND NOW ALL SOLD OUT ?!?! ARE YOU KIDDING ????",2024-05-10 18:52:40+00:00
One minute after 10 A.M in Germany  you could buy the collection  2 Minutea after it was nearly all sold out. My favoourite the silk scarf disappeared and that was it. I only could buy the collier. Or you must buy one after one. ğŸ˜¢ğŸ˜®,2024-05-10 17:06:33+00:00
Super disappointed I was waiting all  morning may 9 and when I check everything was sold out . Do better hm loyal customers missed out on,2024-05-10 14:56:30+00:00
"Da igual, es feisimo",2024-05-10 14:30:39+00:00
Wasted two days waiting for the launch on 2 different countries. Will ignore H&M next time. They clear donâ€™t care about the general public,2024-05-10 13:38:53+00:00
Super cute swimsuit ğŸ©±,2024-05-10 13:23:48+00:00
Daaame ğŸ”¥â¤ï¸,2024-05-10 12:52:13+00:00
Totally agree ğŸ‘ğŸ»,2024-05-10 11:29:38+00:00
ğŸ˜‚,2024-05-10 11:25:35+00:00
#blockout2024,2024-05-10 10:28:30+00:00
Could we get H&M X nicki Minaj? ğŸ‘€,2024-05-10 10:21:42+00:00
I have a puffer jacket from H&M I got myself while on my adventure in W/S I have it still I hope,2024-05-10 10:19:19+00:00
@hm youâ€™ve got all the details already. Iâ€™m asking you to investigate my parcel since yesterday.,2024-05-10 08:32:12+00:00
Delivery service in the UK is shocking!!,2024-05-10 07:44:38+00:00
"@virginiamoonrose Hi there! We are sorry to hear this. Please DM us your full name, order number and home address to safely access your account. Talk soon.",2024-05-10 07:32:52+00:00
The bag is exactly my expression now,2024-05-10 05:35:00+00:00
Tout est vendu ğŸ˜©,2024-05-10 02:41:54+00:00
ğŸ˜ğŸ˜ğŸ˜,2024-05-10 02:08:41+00:00
"I completely agree , @hm keeps ignoring my comment, they allow influencers in each country to have first preference for everything than for the general public nothing is available, it is really unfair... Why even bother to sell to us in the first place when all they care about are influencers, if an influencer posted this comment they would respond In an instance and probably get free items...",2024-05-09 22:49:16+00:00
When will leopard ballet flats be in stock??,2024-05-09 22:43:54+00:00
Why not just make more of it so more people can buy it? Itâ€™s immediately sold out.,2024-05-09 22:39:21+00:00
ğŸ˜,2024-05-09 22:16:34+00:00
ğŸ”¥ğŸ”¥ğŸ”¥ğŸ”¥ğŸ”¥ğŸ”¥,2024-05-09 21:40:58+00:00
"OmG she looks like Linda Womack, now known as Zeriiya Zekkariyas",2024-05-09 21:10:20+00:00
"@mayola_ay77 Hola, lamentamos escuchar que tienes un problema con la app. Por favor envÃ­anos un mensaje directo con tu correo y nombre para que podamos apoyarte con este asunto. Quedamos atentos.",2024-05-09 20:42:14+00:00
"Canâ€™t believe it! Itâ€™s @parco.dei.mostri the magic park in Bomarzo near Rome! I visited it last year, canâ€™t wait to come back ğŸ˜ğŸ§ŒğŸ‡®ğŸ‡¹ğŸğŸ‡®ğŸ‡¹ğŸ•ğŸ›ï¸",2024-05-09 20:15:12+00:00
Do we receive these in New Zealand?,2024-05-09 20:06:51+00:00
So coool! Love it!ğŸ‘ğŸ‘ğŸ‘,2024-05-14 10:09:44+00:00
ğŸ™ŒğŸ™ŒğŸ™ŒğŸ™ŒğŸ™ŒğŸ™ŒğŸ™ŒğŸ™Œ,2024-05-12 12:26:26+00:00
Zamin,2024-05-11 13:01:37+00:00
AKUU INGIN JD KARYAWAN MU,2024-05-09 07:18:39+00:00
Hnm your not cool anymore . You have sod out and finance death and murder . Get a grip!,2024-05-08 22:25:03+00:00
funding a massacre,2024-05-08 21:33:32+00:00
â¤ï¸â¤ï¸â¤ï¸â¤ï¸â¤ï¸â¤ï¸,2024-05-08 18:35:52+00:00
ğŸ”¥,2024-05-08 17:56:44+00:00
HORRIBLE COMPANY- was late by 2 days for their return policy bc itâ€™s by the date you ORDER not by delivered date like every other company. MY DOG WAS DYING OF BRAIN CANCER AND I COULD NOT DRIVE THE 30 miles to the store. Promised me refund and then issued me store credit,2024-05-08 17:38:29+00:00
"Greetings! I am a young person who cares about protecting animals. I respectfully ask you to stop selling down in your stores. Many warm, animal-free materials are available today, including vegan down made from flowers, ceiba tree fiber, bamboo, or milkweed as well as Plumtech, Thinsulate, and PrimaLoft.

 
Thank you for your compassion for animals.",2024-05-08 16:17:19+00:00
Owaaa!!!ğŸ”¥ğŸ”¥ğŸ”¥,2024-05-08 16:00:37+00:00
#boycotthm #savepalestine #alleyesonrafah,2024-05-08 15:54:10+00:00
Beautiful,2024-05-08 13:43:46+00:00
â¤ï¸,2024-05-08 11:31:49+00:00
ğŸ™Œ,2024-05-08 11:09:43+00:00
"No act of kindness no matter how small it is,is ever wasted.The dogs are out of food and they need medication.Please reach out to us.We don't need to have deep pockets or be rich to donate",2024-05-08 11:09:01+00:00
"Can you respond to your dm, I need my order delivered today",2024-05-08 11:06:00+00:00
â¤ï¸â¤ï¸â¤ï¸,2024-05-08 11:02:29+00:00
#boycotthm,2024-05-13 14:31:46+00:00
H&M needs to offer a met gala collection,2024-05-13 00:40:40+00:00
ğŸ‘ğŸ¼,2024-05-11 06:59:28+00:00
#blockout #blockout2024 #blockcelebrities #blockcelebrities2024 #alleyesonrafah #freepalestine #capitolvsdistricts,2024-05-11 01:20:34+00:00
â¤ï¸â¤ï¸â¤ï¸,2024-05-10 12:41:42+00:00
@juliettebtlr,2024-05-10 09:25:30+00:00
"Letâ€™s also acknowledge the extraordinary jewellery design by @dicksondesigns, shall we?! ğŸ™ŒğŸŒ¸",2024-05-10 06:38:44+00:00
@anastasiaknyseva finden wir auch!,2024-05-10 06:27:25+00:00
ğŸ‘ğŸ»,2024-05-10 02:57:23+00:00
She is so beautiful ğŸ˜,2024-05-09 00:27:29+00:00
Sehr schÃ¶n.ğŸ˜ğŸ˜ğŸ˜ğŸ‘ğŸ‘ğŸ‘,2024-05-08 20:01:58+00:00
ğŸ™Œ,2024-05-08 19:19:59+00:00
â¤ï¸â¤ï¸â¤ï¸,2024-05-08 18:48:45+00:00
ğŸ˜ğŸ˜ğŸ˜,2024-05-08 18:42:52+00:00
Special ğŸ˜,2024-05-08 18:00:50+00:00
ğŸ”¥,2024-05-08 17:56:50+00:00
@hm ğŸ“,2024-05-08 14:03:59+00:00
So beautiful ğŸ”¥ğŸ‘ğŸ‘,2024-05-08 13:13:11+00:00
â¤ï¸â¤ï¸â¤ï¸â¤ï¸â¤ï¸â¤ï¸,2024-05-08 12:59:56+00:00
"@missus_peel Hi there! We are sorry to hear you have not received your order. We appreciate this will be disappointing. Please note you can DM us here or on Twitter or call us on 03 44 736 9000, we also have a live chat team on our website. For us to take a further look, please DM us your full name and email to safely access your account. Talk soon.",2024-05-08 11:45:07+00:00
HM you never miss,2024-05-08 11:41:48+00:00
@15dumebi_ â¤ï¸,2024-05-08 10:36:13+00:00
Can you check your dm please,2024-05-08 09:12:00+00:00
ğŸ˜ğŸ˜ğŸ˜,2024-05-08 09:11:02+00:00
ğŸ˜,2024-05-08 08:41:12+00:00
What if you make medical scrubs ? ğŸ˜,2024-05-08 07:02:30+00:00
ğŸ”¥,2024-05-08 06:45:55+00:00
Riktig prinsessa! ğŸ‘¸â¤ï¸,2024-05-08 06:40:41+00:00
Love thisğŸ”¥ğŸ”¥ğŸ”¥,2024-05-16 10:21:36+00:00
Awkwafinaaaa gorgeous,2024-05-12 12:43:48+00:00
#freepalestineğŸ‡µğŸ‡¸â¤ï¸ #alleyesonrafah #genocide #gazaunderattack,2024-05-10 22:59:40+00:00
ğŸ˜ğŸ˜ Ã‡ok gÃ¼zel,2024-05-10 11:36:26+00:00
My dream dresscode ğŸ˜,2024-05-09 10:03:11+00:00
ğŸ¤ğŸ¤ğŸ¤,2024-05-09 05:37:35+00:00
ğŸ‘ğŸ½ğŸ‘ğŸ½ğŸ‘ğŸ½ğŸ‘ğŸ½,2024-05-08 21:01:30+00:00
ğŸ˜ğŸ˜ğŸ˜,2024-05-08 19:54:32+00:00
â¤ï¸â¤ï¸â¤ï¸,2024-05-08 18:42:27+00:00
â¤ï¸â¤ï¸â¤ï¸â¤ï¸â¤ï¸â¤ï¸â¤ï¸â¤ï¸,2024-05-08 18:17:02+00:00
ğŸ”¥,2024-05-08 17:56:56+00:00
"@mayola_ay77  Hola, lamentamos escuchar que tienes un problema con la app. Por favor envÃ­anos un mensaje directo para que podamos apoyarte con este asunto. Quedamos atentos.",2024-05-08 15:24:56+00:00
â˜º,2024-05-08 15:22:19+00:00
ğŸ”¥ğŸ”¥ğŸ”¥,2024-05-08 14:05:30+00:00
ğŸ˜ğŸ˜ğŸ˜,2024-05-08 13:10:17+00:00
Beautiful ğŸ˜ğŸ˜,2024-05-08 12:46:45+00:00
"https://www.instagram.com/p/C6om_eJt4SN/?igsh=ZHE0bjBmdG5uaGZq
Like fotos pls dhe sugjerojua miqveğŸ§¡",2024-05-08 12:17:15+00:00
Mirip  memong @tasyafarasya â¤ï¸,2024-05-08 09:07:29+00:00
The first dress is beautiful with bow ğŸ˜ğŸ˜,2024-05-08 08:29:45+00:00
ğŸ˜ğŸ˜,2024-05-08 08:13:54+00:00
Beautiful dressğŸ˜ğŸ˜,2024-05-08 07:52:35+00:00
wooooooowğŸ˜,2024-05-08 07:50:45+00:00
Beautiful!!!ğŸ˜ğŸ˜ğŸ˜ğŸ˜ğŸ˜,2024-05-08 05:46:37+00:00
Boycott Boycott,2024-05-08 05:24:15+00:00
HM ğŸ‘..,2024-05-08 04:18:56+00:00
"QuÃ© pasÃ³ con la App en Mexico ??, tiene una semana sin funcionar ğŸ˜“",2024-05-08 01:05:58+00:00
ğŸ˜ğŸ‘ğŸ‘ğŸ˜,2024-05-08 00:14:53+00:00
ğŸ˜ğŸ˜ğŸ˜ğŸ˜,2024-05-08 00:09:57+00:00
ğŸ’¸ğŸ’¸,2024-05-07 23:56:21+00:00
Really want them for my bridesmaids boxes ğŸ¥²,2024-05-07 23:48:43+00:00
H&M when are yall gonna restock yâ€™allâ€™s pjs?!??,2024-05-07 23:48:23+00:00
3 kere kartÄ±mda para Ã§ekildi sipariÅŸ oluÅŸmadÄ± !!,2024-05-07 23:21:29+00:00
â¤ï¸,2024-05-07 23:09:24+00:00
ğŸ˜,2024-05-07 22:51:59+00:00
KISSS,2024-05-07 22:39:54+00:00
@hanwilko86,2024-05-07 22:17:30+00:00
#freepalestine #stopthegenocide #ALLEYESONRAFAH,2024-05-07 21:38:49+00:00
Love it,2024-05-07 21:36:31+00:00
Enough Met now â€”,2024-05-07 21:12:57+00:00
â¤ï¸,2024-05-07 21:09:49+00:00
Ethereal âœ¨,2024-05-07 21:08:17+00:00
ğŸ™Œ,2024-05-07 21:06:59+00:00
Que horrorğŸ™Œ,2024-05-07 20:59:26+00:00
Peace â˜®ï¸,2024-05-07 20:55:31+00:00
Love â¤ï¸,2024-05-07 20:55:28+00:00
Wow! Beautiful dresses ğŸ˜,2024-05-07 20:46:34+00:00
"Not because the pregnant woman, dressed like that, looked horrible, dressed in such poor taste, ugly!",2024-05-16 05:06:30+00:00
"@renedeklerk oh the gaslighting lolâ€¼ï¸â€¼ï¸ youâ€™re addressing her pregnancy Karen, which is clearly about her BODYâ€¼ï¸â€¼ï¸â€¼ï¸ hence you are body shaming out of your own insecurities. But Iâ€™m not surprised your ancestors were colonizers who constantly body shamed native people who were open and free about their body. Its deeply ingrained in your ignorance & need for control.",2024-05-15 18:15:33+00:00
@renedeklerk oh yeah? My response to your backhanded comment is also my opinion. PREGNANCY CAN BE BEAUTIFUL NAKED. Body shaming came from your ancestors so Iâ€™m not surprised a Karen like you would say that ğŸ¤¡,2024-05-15 14:06:00+00:00
@ohawaiki_  read my post properly wasnâ€™t hating on anyone - was just not loving the fashion statement!,2024-05-15 11:41:31+00:00
@ohawaiki_ on the contrary I wasnâ€™t body shaming anyone was saying the fashion didnâ€™t meet the beauty of pregnancy in my opinion. When last time I checked Iâ€™m allowed to have one!,2024-05-15 11:40:27+00:00
@elnino_kids_fashion exactly. Women be the biggest haters.,2024-05-15 08:24:33+00:00
@renedeklerk yeah stop body shaming itâ€™s giving insecure & jealous & judgmental,2024-05-15 08:24:12+00:00
NğŸ”¥ğŸ”¥ğŸ”¥,2024-05-14 10:21:45+00:00
"I dont usually like ladies showing prenancy belly but this, I love it!!! A McQueen vibes. HMâ¤ï¸",2024-05-13 18:01:46+00:00
Albanski Outfit,2024-05-13 05:07:59+00:00
"This MURDEROUS Columbus Ohio family triedÂ  killing a child! And through racketeering and blue collared crime with street thugs, have been trying to kill a child. #MurderousAbortion #FALSIFIEDRAPE
Because 
[Oliver Darwin Evans], 123 Red Haven CT. Pataskala, Ohio works at CMHA 1407 Cleveland Ave, Columbus, OH 43211. Oliver Evans (614)813-5810 is a MURDEROUS Crip Drug dealer causing poverty&Domestic Terrorism (PROCEED CAUTIOUSLY)ğŸ‘",2024-05-11 17:25:10+00:00
No,2024-05-11 12:37:56+00:00
If you have never been pregnant before don't comment negatively...some of us walked completely naked lol. #mum x,2024-05-10 20:48:00+00:00
ğŸ˜ğŸ˜ğŸ˜ğŸ˜ğŸ˜,2024-05-10 16:08:05+00:00
ğŸ”¥,2024-05-10 12:29:59+00:00
#blt,2024-05-10 12:02:06+00:00
@lotteotsen_ kan je me een dm sturen over Mitchel jumper,2024-05-10 07:59:10+00:00
Go to the gym please,2024-05-09 17:03:58+00:00
@elnino_kids_fashion  I donâ€™t think looking like a clown with a frilly Bib and belly is classy. But each to their own,2024-05-09 15:28:04+00:00
My opinion I don't think it's very classy to each his own,2024-05-09 14:52:36+00:00
@elnino_kids_fashion womp womp,2024-05-09 14:18:28+00:00
@renedeklerk you can't dictate how someone chooses to show off their pregnancy. And what exactly is your definition of class?,2024-05-09 13:56:04+00:00
Gorgeous ğŸ˜,2024-05-09 12:59:17+00:00
She don't looks like happy ğŸ˜¢,2024-05-09 10:03:34+00:00
HM gcc code: T710ğŸ”¥,2024-05-09 00:17:08+00:00
â¤ï¸,2024-05-08 19:55:22+00:00
â¤ï¸â¤ï¸â¤ï¸â¤ï¸â¤ï¸â¤ï¸â¤ï¸â¤ï¸,2024-05-08 18:17:21+00:00
Avec un sourire serait mieux,2024-05-08 15:30:31+00:00
ğŸ‘ğŸ‘ğŸ‘,2024-05-08 13:37:05+00:00
â¤ï¸,2024-05-08 13:07:15+00:00
Sorry not my vibe - pregnancy is such a beautiful part of life.  Doesnâ€™t mean it had to be in your face but it can be beautifully celebrated with class. As for the half lipstick vibe what is that!,2024-05-08 12:28:31+00:00
â™¥ï¸â™¥ï¸â™¥ï¸,2024-05-08 11:51:45+00:00
â¤ï¸,2024-05-08 03:46:25+00:00
â¤ï¸â¤ï¸â¤ï¸â¤ï¸â¤ï¸,2024-05-08 03:03:37+00:00
Nooo,2024-05-08 01:28:39+00:00
â¤ï¸ğŸ™Œ,2024-05-07 20:50:46+00:00
â¤ï¸â¤ï¸â¤ï¸â¤ï¸,2024-05-07 20:30:55+00:00
All the love in the world @hm,2024-05-07 20:21:30+00:00
â¤ï¸â¤ï¸,2024-05-07 20:12:47+00:00
ğŸ˜ğŸ˜,2024-05-07 20:06:17+00:00
ğŸ˜,2024-05-07 20:00:03+00:00
@isabellebeentjes kan je me een dm sturen heb een vraag,2024-05-07 19:45:00+00:00
@bjpascual u ateeeeğŸ“¸,2024-05-07 19:41:32+00:00
â¤,2024-05-07 19:32:07+00:00
Gorgeous â¤ï¸â¤ï¸â¤ï¸â¤ï¸â¤ï¸,2024-05-07 19:26:54+00:00
Dm,2024-05-07 19:15:34+00:00
Dm,2024-05-07 19:15:31+00:00
Dm,2024-05-07 19:15:30+00:00
Yuk,2024-05-07 19:06:22+00:00
ğŸ™ŒğŸ™ŒğŸ™ŒğŸ™Œ,2024-05-07 18:48:23+00:00
ãƒŸãƒƒã‚­ãƒ¼ãƒã‚¦ã‚¹ã§æ­©ã„ã¦ã¿ãŸã„ã‚ğŸµ,2024-05-15 13:13:45+00:00
Free Palestine ğŸ‡µğŸ‡¸,2024-05-12 06:41:16+00:00
@casslaro i criticize and this is the point of commentingâ€¦,2024-05-11 23:40:39+00:00
@joelthangsing Hey do you need help hon?  Or are you only 15 and havenâ€™t quite worked it out yet?,2024-05-11 05:51:47+00:00
Free EVERYONE.,2024-05-11 04:47:58+00:00
Well done ğŸ™ŒğŸ‘,2024-05-10 22:04:02+00:00
"@casslaro criticism/feedback, its literally a company account ğŸ˜­",2024-05-10 16:36:56+00:00
wow congrats for bringing fast fashion to the red carpet ğŸ˜‘,2024-05-10 16:20:39+00:00
@mery_yooma and you say this with your eyes on H&M â€˜s instagram,2024-05-10 14:02:15+00:00
Why do you waste your time watching others on internet instead of actually helping the people in Palestine??,2024-05-10 14:00:43+00:00
Disappointed Quannah Rose was even at the Met Gala. I thought she would have had more morals than the rest to be at such a capitol style event whilst in an active genocide. Slay though girl â€¦.. smh,2024-05-10 09:55:42+00:00
@timpostedthat rude comment for no good reason,2024-05-10 09:19:55+00:00
This is a place where you can be silly n wear silly clothes and pretend to be someone important,2024-05-10 07:57:06+00:00
"idk, iâ€™d never buy a gown from h&m",2024-05-10 06:47:34+00:00
Brother ewwwww,2024-05-10 04:36:11+00:00
@alessio.brunello ğŸ˜‚ğŸ˜‚ğŸ˜‚,2024-05-10 04:14:29+00:00
@casslaro an honest comment,2024-05-10 03:54:43+00:00
free palestine,2024-05-09 22:56:22+00:00
CAN'T USEE the capitol is celebrating ğŸ‰ the Palestine (district 12) is suffering  welcome to the 76 annual hunger games ğŸ‰ Palestine will be free ğŸ‰ğŸ‰,2024-05-09 21:56:44+00:00
ALL EYES ON RAFAH AND CANCEL HOLLYWOOD âŒâœ–ï¸âŒâœ–ï¸âŒâœ–ï¸âŒâœ–ï¸,2024-05-09 21:20:32+00:00
no wonder they are ugly ash,2024-05-09 17:46:18+00:00
@sissou.sassou Free Palpatine,2024-05-09 17:21:36+00:00
@davevannie I care!!!,2024-05-09 17:21:23+00:00
No tx,2024-05-09 17:21:17+00:00
@meriembensalah2123 Free Palpatine,2024-05-09 17:21:11+00:00
@hayre_samia Free Palpatine,2024-05-09 17:20:57+00:00
@fatemehkbri Free Palpatine,2024-05-09 17:20:45+00:00
@heenybutt Free Palpatine,2024-05-09 17:20:17+00:00
Hope you all fun..while kids were being bombed and killed. You must be very proud of yourselves,2024-05-09 17:07:44+00:00
@eleni_officialpage we don't care about the met gala w care about Palestine ğŸ‡µğŸ‡¸ğŸ‡µğŸ‡¸ğŸ‡µğŸ‡¸ğŸ—£ï¸ğŸ—£ï¸ğŸ—£ï¸ğŸ—£ï¸*how about now?*,2024-05-09 16:50:09+00:00
Go to hell @hm ğŸ”¥,2024-05-09 16:42:52+00:00
@eleni_officialpage  we don't care about the met gala w care about Palestine ğŸ‡µğŸ‡¸ğŸ‡µğŸ‡¸ğŸ‡µğŸ‡¸,2024-05-09 16:39:09+00:00
How on earth do they manage in the ladies rest room.,2024-05-09 15:22:28+00:00
ğŸ‘ğŸ‘ğŸ‘,2024-05-09 15:19:55+00:00
"Well, a lot of us donâ€™t care about Palestine , ig itâ€™s mutual ğŸ¤£",2024-05-09 14:26:54+00:00
@kivvyboo  we don't care about the met gala w care about Palestine ğŸ‡µğŸ‡¸ğŸ‡µğŸ‡¸ğŸ‡µğŸ‡¸,2024-05-09 14:25:53+00:00
I said what I said. Donâ€™t cry to people about something Palestine started. Reep what you sow.,2024-05-09 14:16:25+00:00
Probably should concentrate on your court case!!!,2024-05-09 14:12:49+00:00
@kivvyboo  we don't care about the met gala w care about Palestine ğŸ‡µğŸ‡¸ğŸ‡µğŸ‡¸ğŸ‡µğŸ‡¸,2024-05-09 13:55:25+00:00
Gorgeous,2024-05-09 13:39:14+00:00
Letâ€™s cry about Palestine when you canâ€™t finish a war yâ€™all started ğŸ¤£,2024-05-09 13:32:44+00:00
Free the hostages,2024-05-09 12:41:22+00:00
i care,2024-05-09 12:35:36+00:00
@sundeityapollo,2024-05-09 08:03:28+00:00
Stunning ğŸ˜ğŸ˜ğŸ˜ğŸ˜,2024-05-09 07:22:04+00:00
ğŸ˜‚ğŸ˜‚ğŸ˜‚ Free Isreal  from murdering amass and there supporters,2024-05-09 06:45:55+00:00
@joelthangsing ğŸ‘†ğŸ½ğŸ‘†ğŸ½ok - whoever you are â€¦ you need to take a break â€¦ because your post is out of order and unnecessary.  You need to learn to scroll on and not make comments like that - we are ashamed ğŸ‘‰ğŸ¼ of  you.  Get some help. ğŸ§¿ğŸ™,2024-05-09 06:18:01+00:00
@alessio.brunello  both stop -  we donâ€™t need to see hissy fits or bitching.  Stop guys,2024-05-09 06:13:51+00:00
@larsbodo87 donâ€™t be nasty - no need.,2024-05-09 06:12:02+00:00
No,2024-05-09 05:39:16+00:00
muhteÅŸem bir elbise,2024-05-16 06:46:46+00:00
ğŸ˜¢ Why didnâ€™t they show these outfits?! These are amazing! Had no idea,2024-05-14 15:34:56+00:00
Always said just wait wait wait?? Until when??????,2024-05-13 06:09:39+00:00
ğŸ˜¢that I know ofHM ğŸ¥ºğŸ¥º,2024-05-11 11:41:04+00:00
Stunning!!!!!!,2024-05-10 22:03:12+00:00
Love that we are now marking all ages AND colors ğŸ‘,2024-05-10 18:13:56+00:00
ğŸ˜ğŸ˜,2024-05-10 11:53:13+00:00
â¤ï¸â¤ï¸,2024-05-10 11:53:11+00:00
â¤ï¸,2024-05-10 08:59:43+00:00
ANN-SOFIE!! ğŸ”¥ğŸ”¥ğŸ”¥,2024-05-09 22:40:20+00:00
@lafilomena_mimbre Â¡A nosotros tambiÃ©n nos encanta!,2024-05-09 11:49:18+00:00
Vamos hacÃ©rtelo,2024-05-09 10:30:07+00:00
"El rojo es lo mÃ¡s, zapatos, vestido, maquillaje, peinado!!!! La pera ğŸ˜ğŸ˜ğŸ˜",2024-05-09 09:27:53+00:00
ğŸ˜¢ğŸ‘ğŸ¼,2024-05-08 22:10:55+00:00
Que feo los vestidos ğŸ‘—,2024-05-08 16:03:51+00:00
Looking smashing @Ann-SofieJohansson ğŸ‘,2024-05-08 13:06:00+00:00
ğŸ”¥ğŸ”¥ğŸ”¥ğŸ”¥,2024-05-08 10:05:24+00:00
Quannah is stunning ğŸ¤©,2024-05-08 09:10:23+00:00
ğŸ”¥ğŸ‘ğŸ™Œ,2024-05-08 08:01:12+00:00
Ann-Sofie looking stylish as hell! As usual ğŸ‘ğŸ‘â¤ï¸â¤ï¸,2024-05-08 07:54:21+00:00
ğŸ™ŒğŸ™ŒğŸ™Œ,2024-05-08 06:02:08+00:00
ğŸ‘ğŸ‘ğŸ‘,2024-05-08 05:49:39+00:00
ğŸ”¥ğŸ”¥,2024-05-08 03:24:58+00:00
ALL EYES ON RAFAH âœŠğŸ¼ğŸ‡µğŸ‡¸ğŸ‰,2024-05-08 03:15:49+00:00
When will they be available in your stores for us mortalsğŸ™Œ,2024-05-08 01:16:13+00:00
ğŸ©µğŸ©µğŸ©µ loved creating quannahs accessories to match her beautiful gownğŸ˜Š,2024-05-08 00:42:57+00:00
ğŸ˜ğŸ˜ğŸ˜ğŸ˜,2024-05-07 23:46:05+00:00
STUNNNINGGGGG,2024-05-07 23:11:26+00:00
YesğŸ‘ğŸ¾ğŸ‘ğŸ¾,2024-05-07 22:58:57+00:00
Who is the talented photographer who shot all these photos?,2024-05-07 22:47:34+00:00
#stopthegenocide #palestinianchildrenmatter #ALLEYESONRAFAH #freepalestine,2024-05-07 20:39:46+00:00
ğŸ˜ğŸ˜,2024-05-07 20:38:04+00:00
ğŸ˜ğŸ˜ğŸ˜ğŸ˜,2024-05-07 20:37:11+00:00
ğŸ˜ğŸ˜,2024-05-07 19:41:30+00:00
Yahoooooooâ¤ï¸ğŸ”¥â¤ï¸ğŸ”¥â¤ï¸ğŸ”¥â¤ï¸â¤ï¸â¤ï¸â¤ï¸â¤ï¸â¤ï¸â¤ï¸,2024-05-07 19:28:17+00:00
The colour is exquisite.,2024-05-07 18:22:41+00:00
How do I get into the H&M couture design team? âœï¸,2024-05-07 18:14:20+00:00
ğŸ™ŒğŸ™ŒğŸ™Œ,2024-05-07 17:01:56+00:00
Damnnn the first one is sooooooo good one of best outfits in met Gala ğŸ˜­ğŸ’œğŸ’œğŸ’œğŸ’œ,2024-05-07 16:53:17+00:00
All pieces are beautiful.,2024-05-07 16:22:12+00:00
ğŸ˜ğŸ˜ğŸ˜,2024-05-07 16:20:59+00:00
UGH! SO BORING!!!,2024-05-07 16:19:06+00:00
"Well done H&M. Lovely designs and remembering to include also a mature person. Next time, the display will be even stronger if you avoid the stereotyping pitfall of dressing the mature person in dark styles covering her body and concealing figure. I look forward to that ğŸ–¤ğŸ«¶ğŸ¼",2024-05-07 16:04:38+00:00
ğŸ™Œ,2024-05-07 15:36:39+00:00
ğŸ‘,2024-05-07 15:36:36+00:00
ğŸ˜ğŸ˜ğŸ˜ğŸ˜,2024-05-07 15:09:31+00:00
ğŸ”¥ğŸ”¥ğŸ˜ğŸ˜,2024-05-07 15:08:39+00:00
â¤ï¸â¤ï¸â¤ï¸â¤ï¸â¤ï¸â¤ï¸â¤ï¸,2024-05-07 15:05:07+00:00
2nd and 5th slide gowns are gorgeous ğŸ‘ğŸ‘ğŸ‘,2024-05-07 15:01:29+00:00
Wow never would I have thought these are h&m outfits! Love them!,2024-05-07 15:01:26+00:00
ğŸ˜ğŸ˜,2024-05-14 21:53:07+00:00
ğŸ˜ğŸ˜ğŸ˜ğŸ˜,2024-05-14 10:19:29+00:00
@hm merci  bonne journÃ©e,2024-05-09 12:56:32+00:00
I like the teeth ğŸ˜,2024-05-09 10:03:51+00:00
What time today will it be available?,2024-05-09 07:09:05+00:00
@karlsson_yvonne Hi! This lovely collection will launch very soon. We recommend you to keep an eye on our website. Have a great day!,2024-05-08 07:36:40+00:00
Dm,2024-05-07 19:15:54+00:00
Dm,2024-05-07 19:15:52+00:00
Dm,2024-05-07 19:15:51+00:00
When can I order the necklace in Sweden? ğŸ˜,2024-05-07 18:33:30+00:00
ğŸ‘ğŸ‘ğŸ‘ğŸ‘,2024-05-07 14:35:41+00:00
"@chetanareddy_ Hi there!
We haven't heard anything from you, hope that your concern has been resolved. 
However, you can get back to us if you have any concerns.
Thank you for choosing H&M. Have a wonderful day ahead.",2024-05-07 12:21:01+00:00
Free Palestine ğŸ‰ğŸ‰,2024-05-07 11:21:57+00:00
Peggior servizio clienti di sempre,2024-05-07 09:26:47+00:00
"@tamikam13 Hello there! We hope the issue got sorted out and you were able to avail the discount! The app does seem to be working currently but if you were unable to avail the members' discount, please do send us a private message and we will see what we can do. Speak soon!",2024-05-07 09:22:53+00:00
Did you licence the images of the Monster Park you used?,2024-05-07 09:18:03+00:00
ğŸ˜ğŸ˜,2024-05-07 08:27:14+00:00
"Hi @sanne.and.the.city. I confirm you that the launch will be at 10 am. 
Have a nice day! ğŸ˜€",2024-05-07 07:14:59+00:00
@hm really disappointed Iâ€™ve been wanting to checkout on items in my basket for members day discount and you have been updating the site which means you canâ€™t even get to use the discount as itâ€™s away to end!!!!,2024-05-06 23:52:58+00:00
@natalia_kramer_ Hey there! We're so excited to share these style with our fashion friends! The H&M Studio Resort Capsule launches May 9th - stay tuned! We can't wait till this suit is yours! ğŸ˜€,2024-05-06 21:08:52+00:00
How do I buy this suit?,2024-05-06 21:02:12+00:00
Iâ€™m so in love with this collection! At what time is it coming online at May 10th in Belgium?,2024-05-06 20:03:29+00:00
Nagarjuna,2024-05-06 19:00:54+00:00
â¤ï¸,2024-05-06 15:47:41+00:00
"My family and I are writing to ask that you please stop using down in any of the products. Birds have feathers ripped from them while alive, after spending their whole life cramped in cages in dirty, scary, miserable conditions. Please stop using animals for your clothing. ï¿¼ï¿¼",2024-05-06 13:00:19+00:00
"In Italia quando sarÃ  disponibile,? Grazie",2024-05-06 08:00:18+00:00
"@hm stop murdering animals, youâ€™re not worth it",2024-05-06 04:46:34+00:00
"Down comes from hell. Pleas H&M, ditch down.",2024-05-06 03:55:43+00:00
Shame to them and the ones who patronize,2024-05-06 00:59:40+00:00
@bluepersian2944 this is animal cruelty and they should face the law,2024-05-06 00:58:49+00:00
ğŸ”¥,2024-05-05 20:19:05+00:00
"Ducks need their feathers. Your company doesnâ€™t. Please stop using down in favour of the many warm, humane, eco-friendly down-free materials available today.",2024-05-05 20:13:22+00:00
This whole fit! ğŸ”¥,2024-05-05 19:19:55+00:00
â¤ï¸,2024-05-05 17:59:33+00:00
STOP ABUSING ANIMALSS,2024-05-05 17:48:07+00:00
En colombia ğŸ‡¨ğŸ‡´,2024-05-05 15:42:26+00:00
@ninabuddenhair Hello. If you would like to send us a private message with your details we will be happy to help. Speak soon!,2024-05-05 13:58:41+00:00
You should really not send stuff by Evri!!! Been at home all day waiting for delivery and now received sorry we missed you-they never came or rang the doorbell and I paid next day delivery. Fuming!!!!,2024-05-05 13:56:55+00:00
Big shame !!! Stop torturing ducks of Vietnam !!!,2024-05-05 13:07:43+00:00
,2024-05-05 10:30:16+00:00
ğŸ”¥ğŸ”¥,2024-05-05 09:31:40+00:00
ğŸ”¥ğŸ”¥,2024-05-05 09:31:37+00:00
ğŸ”¥ğŸ”¥,2024-05-05 09:31:35+00:00
ğŸ”¥ğŸ”¥,2024-05-05 09:31:32+00:00
ğŸ”¥ğŸ”¥,2024-05-05 09:31:29+00:00
ğŸ”¥ğŸ”¥,2024-05-05 09:31:27+00:00
â¤ï¸â¤ï¸,2024-05-05 09:31:25+00:00
ğŸ”¥ğŸ”¥,2024-05-05 09:31:24+00:00
â¤ï¸â¤ï¸,2024-05-05 09:31:23+00:00
ğŸ”¥ğŸ”¥,2024-05-05 09:31:21+00:00
ğŸ‘ğŸ‘ğŸ‘,2024-05-14 05:27:52+00:00
ğŸ”¥,2024-05-11 08:10:05+00:00
@hm for Belgium pleaseğŸ˜,2024-05-10 15:06:24+00:00
"@sanne.and.the.city Hello! We would be happy to help you check availability. For this, please confirm what country you are shopping in. Talk soon!",2024-05-10 13:43:50+00:00
When will the cute little golden bag be available? Itâ€™s still shows: available soon but the drop was at 10am?,2024-05-10 08:13:19+00:00
@rhiannonstanger Hi there! This launched this morning! Have a great day!,2024-05-09 09:31:02+00:00
What time will this drop on the UK website?,2024-05-09 06:35:20+00:00
"I beg you to cease using DOWN in your products. Google and see for yourself that these poor animals endure, and for what?!ğŸ’”ğŸ’”ğŸ’”ğŸ’”",2024-05-07 06:20:18+00:00
@spabreaks,2024-05-07 03:51:55+00:00
@sematugceakar This Thursday from Sandton City or online from Superbalist ğŸ™‚,2024-05-06 09:28:28+00:00
@friseurhamburg ja - eine tolle Frisur!,2024-05-06 06:21:29+00:00
Stop using and exploiting pure souls ( animals),2024-05-05 19:34:04+00:00
Ima need that bag!!! ğŸ˜ğŸ˜ğŸ˜,2024-05-05 19:21:37+00:00
Endlich schÃ¶ne Locken!ğŸ”¥,2024-05-05 19:18:31+00:00
@hm hello will this collection be available in bahrain ?ğŸ‡§ğŸ‡­,2024-05-05 11:16:09+00:00
ğŸ”¥ğŸ”¥ğŸ”¥ğŸ”¥,2024-05-05 09:32:02+00:00
ğŸ”¥ğŸ”¥,2024-05-05 09:32:01+00:00
â¤ï¸,2024-05-05 09:31:59+00:00
ğŸ”¥ğŸ”¥,2024-05-05 09:31:56+00:00
ğŸ”¥ğŸ”¥,2024-05-05 09:31:52+00:00
Itâ€™s 2024 - time to stop using animals for fashion! Ditch the cruelty!  Transition away from birds being subjected to unfathomable excruciating pain and sufferings- they donâ€™t derserve to be treated so barbarically for fashion items!,2024-05-05 09:21:20+00:00
"@miaitalia08 Hello Miaitalia! We really appreciate your interest in our H&M Studio Resort Capsule. We understand you would like to know if this special collection is avaialble in Australia. Rest assured, we'll do our best to help.

We're happy to share that this special collection will indeed be available in Australia starting May 9th. For more details about the H&M Studio Resort Capsule, you can visit the following link:  https://www2.hm.com/en_au/free-form-campaigns/hm-studio-resort-capsule.html#/index/view. Stay tuned for updates!",2024-05-05 07:51:41+00:00
@hm and when are you gonna stop using feathersğŸª¶??? #StopAnimalCruelty!!!ğŸš«,2024-05-05 03:50:45+00:00
@_.arrrianna._  You needed this purse for prom!! #3,2024-05-04 23:38:02+00:00
ğŸ”¥ğŸ˜,2024-05-04 20:52:02+00:00
â¤ï¸ğŸ–¤â¤ï¸ğŸ–¤â¤ï¸ğŸ–¤,2024-05-04 20:03:40+00:00
"Petition from PETA secure.peta.org.uk/page/115994/action/1
2 apocrypha on the Internet where Jesus was animalist: Gospel of the 12 and Essene gospel. Christ already returned: inricristo.org.br. Another link urbanoutraged.com",2024-05-04 17:59:36+00:00
Boycott @tra.velhal â—ï¸âŒ,2024-05-04 15:15:31+00:00
@hm Is this Dress on page 2 only in the USA and not Australia as I can not find it?,2024-05-04 13:18:20+00:00
"In Vietnam, ducks are killed for their feathers in a terrible and inhumane way! Stop doing this to poor birds and respect the nature! This is animal cruelty in its purest form, masked as ""responsible""  down sourcing! There is nothing responsible about it!",2024-05-04 12:56:59+00:00
STOP the CRUELTY,2024-05-04 11:13:15+00:00
Burn in HELL H&M,2024-05-04 03:14:40+00:00
"In Vietnam, ducks are stabbed in the neck and their legs are cut off. Their stolen feathers are then sold to H&M as â€œresponsibly sourcedâ€ down. Each bird will have felt the pain of the knife being driven into their throat.",2024-05-04 02:33:37+00:00
"Please end your use of down feathers in favour of humane, eco-friendly, animal-free materials.  In 2024 can we please stop supporting animal cruelty.  Thank you.",2024-05-03 15:56:33+00:00
Please spare ducks a lifetime of suffering and a violent death by ending your use of down feathers without delay.,2024-05-03 15:39:31+00:00
"Thereâ€™s simply no excuse to keep selling down products. Many warm, animal-free materials are available today, including vegan down made from flowers, ceiba tree fiber, bamboo, or milkweed as well as Plumtech, Thinsulate, and PrimaLoft.",2024-05-03 15:05:04+00:00
"In Vietnam, ducks are stabbed in the neck and their legs are cut off. Their stolen feathers are then sold to H&M as â€œresponsibly sourcedâ€ down. Each bird will have felt the pain of the knife being driven into their throat.",2024-05-03 14:28:03+00:00
ğŸ–¤ğŸ–¤ğŸ–¤ğŸ–¤ğŸ–¤ğŸ–¤ğŸ«¶,2024-05-03 13:12:50+00:00
When does this drop in South Africa?!,2024-05-03 13:11:13+00:00
NEEDğŸ˜ğŸ˜ğŸ˜,2024-05-03 13:10:21+00:00
"In Vietnam, ducks are stabbed in the neck and their legs are cut off. Their stolen feathers are then sold to H&M as â€œresponsibly sourcedâ€ down. Each bird will have felt the pain of the knife being driven into their throat.

I am urging you to ditch down.",2024-05-03 12:41:18+00:00
â¤ï¸â¤ï¸â¤ï¸â¤ï¸,2024-05-03 12:34:39+00:00
"As H&M is holding its annual meeting of shareholders, it's time to address the cruelty behind down. I urge H&M to ditch down and embrace cruelty-free alternatives. Let's make fashion compassionate for all beings.",2024-05-03 12:31:30+00:00
"Please, please, please help put an end to the abuse of ducks and stop profiting from their suffering! No animal deserves to be tortured.",2024-05-03 11:27:04+00:00
C'Ã¨ anche a padovağŸ˜®,2024-05-03 11:11:38+00:00
Stop now HM,2024-05-03 10:48:00+00:00
ğŸ˜ğŸ˜ğŸ˜ğŸ˜,2024-05-03 09:22:49+00:00
"Please end your support of stabbing ducks in their neck and making their final experience of life excruciatingly agonising. The pain and terror these animals suffer when their legs are cut off is beyond comprehension.  They have no morphine whatsoever. Duck feathers are ripped out of them and this whole process is not â€œresponsibly sourcedâ€ down that you market to customers on @hm products.  Each bird will have felt the pain of the knife being driven into their throat. If you have eyes and ears, open them. Customers do not want these animals to suffer the way that they do. People do not deserve to be lied to and told the feathers (down) are responsibly sourced when they are not. Please make emotionally intelligent decisions and have greater awareness of the cruelty you are dealing with.  Customers will respect you more for buying Plantbased materials. Plant materials are good to work with and prevent the physical torture of stabbing duck necks and cutting off their legs when they are alive. Please do not commit to this toxic down industry which is far from transparent.  H&M is time to be responsible and aware of what customers want.  Plantbased cruelty-free, sustainable materials please.  This is the future. The future is NOW. #saynotodown",2024-05-03 09:22:01+00:00
â¤ï¸,2024-05-03 09:09:09+00:00
Ducks are stabbed in the neck and their legs are cut off. Stop selling that cruelty products!ğŸ˜­,2024-05-03 09:09:07+00:00
Why are your womanâ€™s trouser leg length made for someone 6â€™4â€ tall!!! All 4 pairs to be returned. Crazy tailoring,2024-05-15 08:48:41+00:00
hm harikasÄ± ğŸŒ¼,2024-05-07 11:43:12+00:00
ğŸ”¥ğŸ”¥ğŸ”¥,2024-05-07 10:58:22+00:00
"Hello, thank you for contacting us. To find out the locations of our stores please click on the below link:
https://locations.alshaya.com/h-m/eg",2024-05-06 03:53:39+00:00
ğŸ”¥ğŸ”¥ğŸ”¥ğŸ”¥,2024-05-05 23:32:04+00:00
@hm I know very well where the branches is but unfortunately branches in Egypt is almost empty nothing new for ages,2024-05-05 22:06:21+00:00
Just have to say your new return policy is AWFUL. NEVER want to shop here again,2024-05-05 20:57:14+00:00
@nancy.atta12 â¤ï¸,2024-05-05 14:53:30+00:00
Boycott @HM until they become an ethical - cruelty free company !,2024-05-05 09:23:16+00:00
"Petition from PETA secure.peta.org.uk/page/115994/action/1
2 apocrypha on the Internet where Jesus was animalist: Gospel of the 12 and Essene gospel. Christ already returned: inricristo.org.br. Another link urbanoutraged.com",2024-05-04 17:59:28+00:00
Boycott @hm â—ï¸âŒ,2024-05-04 15:15:49+00:00
ğŸ˜ğŸ˜ğŸ˜,2024-05-04 14:22:59+00:00
ğŸ‘ğŸ˜ Ù¾Ø±ÙÚ©Øª,2024-05-04 07:54:09+00:00
"@ali_mohammmm Hallo, Welkom bij H&M. Kun je je vraag stellen?",2024-05-04 07:20:24+00:00
Pantolona bayÄ±ldÄ±mğŸ‘,2024-05-04 05:58:28+00:00
Hope ALL H&M burns in hell,2024-05-04 03:14:54+00:00
well that figures.,2024-05-03 17:00:03+00:00
stop killing innocent beings for no reason... there are plenty of alternatives!!!!,2024-05-03 16:55:29+00:00
"In Vietnam, ducks are stabbed in the neck and their legs are cut off. Their stolen feathers are then sold to H&M as â€œresponsibly sourcedâ€ down. Each bird will have felt the pain of the knife being driven into their throat.",2024-05-03 14:27:26+00:00
Why HM still using feathers from birds that are tortured alive to put on clothes!,2024-05-03 10:48:20+00:00
"Please end your support of stabbing ducks in their neck and making their final experience of life excruciatingly agonising. The pain and terror these animals suffer when their legs are cut off is beyond comprehension.  They have no morphine whatsoever. Duck feathers are ripped out of them and this whole process is not â€œresponsibly sourcedâ€ down that you market to customers on @hm products.  Each bird will have felt the pain of the knife being driven into their throat. If you have eyes and ears, open them. Customers do not want these animals to suffer the way that they do. People do not deserve to be lied to and told the feathers (down) are responsibly sourced when they are not. Please make emotionally intelligent decisions and have greater awareness of the cruelty you are dealing with.  Customers will respect you more for buying Plantbased materials. Plant materials are good to work with and prevent the physical torture of stabbing duck necks and cutting off their legs when they are alive. Please do not commit to this toxic down industry which is far from transparent.  H&M is time to be responsible and aware of what customers want.  Plantbased cruelty-free, sustainable materials please.  This is the future. The future is NOW. #saynotodown",2024-05-03 09:22:11+00:00
stop selling feathers! stop animal abuse!ğŸ˜­,2024-05-03 09:09:41+00:00
"Ducks are stabbed in the neck, and their feet are cut off. Their feathers are then sold to H&M as â€œresponsibly sourcedâ€ down. @hmunitedkingdom, turn over a new leaf on the day of your AGM and ditch down! #HMDitchDown  https://t.co/LAcLZVJ4U3",2024-05-03 08:54:42+00:00
"Ducks are stabbed in the neck, and their feet are cut off. Their feathers are then sold to H&M as â€œresponsibly sourcedâ€ down. @hmunitedkingdom, turn over a new leaf on the day of your AGM and ditch down! #HMDitchDown  https://t.co/LAcLZVJ4U3",2024-05-03 08:52:08+00:00
@donnatere Codice Top 1228390001 !,2024-05-03 08:02:35+00:00
"Ducks are stabbed in the neck, and their feet are cut off. Their feathers are then sold to H&M as â€œresponsibly sourcedâ€ down. @hm, turn over a new leaf on the day of your AGM and ditch down! #HMDitchDown  https://t.co/LAcLZVJ4U3",2024-05-03 07:56:54+00:00
In picture 1 will the bag be sold in canada,2024-05-03 06:20:34+00:00
"In Vietnam, ducks are stabbed in the neck and their legs are cut off. Their stolen feathers are then sold to H&M as â€œresponsibly sourcedâ€ down. Each bird will have felt the pain of the knife being driven into their throat.",2024-05-03 03:44:19+00:00
"In Vietnam,Â ducks are stabbed in the neckÂ and their legs are cut off. Their stolen feathers are then sold to H&M as â€œresponsibly sourcedâ€ down. Each bird will have felt the pain of the knife being driven into their throat!",2024-05-03 02:58:50+00:00
ğŸ”¥ğŸ”¥ğŸ”¥,2024-05-03 01:52:37+00:00
Love it ğŸ˜ğŸ˜ğŸ˜,2024-05-02 23:58:54+00:00
ğŸ¦‹ğŸª»,2024-05-02 20:23:31+00:00
â¤ï¸â¤ï¸â¤ï¸,2024-05-02 20:13:38+00:00
ğŸ˜,2024-05-02 19:11:57+00:00
â¤ï¸,2024-05-02 18:13:30+00:00
She seems so sad ğŸ˜,2024-05-02 17:39:45+00:00
â¤ï¸,2024-05-02 17:30:12+00:00
ğŸ˜,2024-05-02 16:33:43+00:00
ğŸ˜ğŸ˜ğŸ˜,2024-05-02 15:31:49+00:00
@hm Hi! Could I get please a number of bag from 3d image?,2024-05-02 15:27:51+00:00
ArrÃªter la maltraitance sur les animaux ! En 2024 des solutions existent pour fabriquer des vÃªtements sans souffrance ! ğŸ’”,2024-05-02 14:58:25+00:00
"@michelletoki Hi there! The number (1211667005) is correct but it is possible the item may be unavailable or out of stock at the moment, depending on the country you are shopping in. You can continue to search by this number in case it is available in time for summer!",2024-05-02 14:15:37+00:00
1211667005 doesnâ€™t come up in the app in the UK,2024-05-02 14:12:30+00:00
ğŸ˜,2024-05-02 13:32:12+00:00
Ma in Italia non Ã¨ possibile acquistare,2024-05-02 13:01:49+00:00
"@h&m stop the cruelty, ditch using down ğŸ˜¢",2024-05-02 12:48:48+00:00
Stop using feathers H&M. We don't need to do that now. I love your products but I urge you to ditch the down.,2024-05-02 12:33:05+00:00
My items were never delivered,2024-05-02 12:32:00+00:00
"Stop using feathers in your products. Birds plucked alive, itâ€™s 2024 and these barbaric acts are not acceptable. No place for this in modern society",2024-05-02 12:02:19+00:00
Ma perchÃ© prendete queste modelle cosÃ¬ bruttine e tristi???!,2024-05-02 11:38:33+00:00
"Z,,,,,,,,, ,,,,,,,,,,,,,,, ,,,,,,,,,,,,,,,,,,,,,, all",2024-05-06 17:30:42+00:00
"Please stop selling down. In Vietnam, ducks are stabbed in the neck, feeling the pain of the knife being driven into their throat. and their legs are cut off, for their feathers to be sold to H&M as â€œresponsibly sourcedâ€",2024-05-06 15:53:12+00:00
â™¥ï¸,2024-05-05 18:11:11+00:00
Boycotting until you become an ethical cruelty free brand,2024-05-05 09:27:31+00:00
"Making birds suffer excruciatingly painful torturous unfathomable torment, fear and terror for  feather & down is barbaric and cruel! Making $$$ from others pain is sickening. Greed for $ at the expense of others sufferings is heinous! Ditch down",2024-05-05 09:27:02+00:00
â¤ï¸,2024-05-04 09:36:24+00:00
Pls stop that animal cruelty and stop selling feathers from abused ducksğŸ˜­ğŸ˜­ğŸ˜­ğŸ˜­ğŸ˜­ğŸ˜­ğŸ˜­ğŸ˜­ğŸ˜­,2024-05-03 09:10:32+00:00
Making animals suffer since 1947!!!! #DitchTheDown,2024-05-02 11:09:00+00:00
"@cusco.vintage, como cliente cliente Membro tem ao seu dispor inÃºmeras vantagens, sendo o envio gratuito a partir de 30â‚¬ de compras. PoderÃ¡ ver todas as vantagens aqui: https://hm.info/61784NKZj! Votos de boas compras e Ã³timo dia!",2024-05-02 08:56:59+00:00
"Please, if you can, bring back the Rolling Stones red lips T-shirt. I need it!",2024-05-02 08:04:32+00:00
"Tutto molto bello, ma ci spiegate perchÃ© non rifornite da mesi il reparto jeans uomo? Ci sono almeno 3 modelli basic, ma con prezzi diversi(dai 29 ai 39 â‚¬) che nel colore blu denim  scuro, non vengono riforniti dallâ€™estate dellâ€™anno scorso!",2024-05-02 08:00:08+00:00
Very niceğŸ˜,2024-05-02 07:28:52+00:00
ğŸ‡µğŸ‡¸ğŸ‡µğŸ‡¸ğŸ‡µğŸ‡¸ğŸ‡µğŸ‡¸ğŸ‡µğŸ‡¸ğŸ‡µğŸ‡¸,2024-05-02 06:13:39+00:00
ğŸ¤ğŸ–¤ğŸ¤ğŸ–¤ğŸ¤ğŸ–¤,2024-05-02 04:48:04+00:00
Info loker Min @hm,2024-05-02 03:29:32+00:00
@hm share or donate please for God save my son life,2024-05-01 22:45:32+00:00
@hm https://gofund.me/cb989807,2024-05-01 22:45:23+00:00
Terrible customer service- I have a faulty item and your customer service will not help me! I am going to take this matter forward with the consumer ombudsman!,2024-05-01 21:02:23+00:00
So chic ğŸ”¥ğŸ”¥ğŸ”¥,2024-05-01 20:55:31+00:00
ğŸ‘ğŸ‘ğŸ‘ğŸ‘ğŸ‘ğŸ‘ğŸ‘ğŸ‘ğŸ‘ğŸ‘ğŸ‘ğŸ‘ğŸ‘ğŸ‘ğŸ‘ğŸ‘ğŸ‘ğŸ‘ğŸ‘ğŸ‘ğŸ‘ğŸ‘,2024-05-01 20:20:00+00:00
An itibariyle One Tower AVM Personel yok  kasa yok ilgi yok,2024-05-01 14:43:47+00:00
Edgy and cool ğŸ”¥ğŸ”¥,2024-05-01 14:08:05+00:00
Vi los blazer de Paula Chaves! hermoso desde Argentina!,2024-05-01 13:56:08+00:00
bring back the orange cotton twill overshirt,2024-05-01 13:52:15+00:00
https://www.instagram.com/p/C6axatFMNid/?igsh=aHAwd2dwM282bjZo,2024-05-01 11:21:51+00:00
ğŸ˜ğŸ˜,2024-05-01 10:01:50+00:00
Ceket muhteÅŸem ğŸ˜,2024-05-01 06:55:05+00:00
###,2024-05-01 06:09:07+00:00
ğŸ‘ğŸ‘ğŸ‘,2024-05-01 01:03:35+00:00
ğŸ˜,2024-04-30 23:06:30+00:00
Worst customer service ever!,2024-04-30 22:24:45+00:00
Ok weird question - does any of you in the US make a return at the store and they ask for your ID - like seriously I feel being profiled for something that was my right to do doing a return,2024-04-30 20:22:23+00:00
@_xgeorgina kan je me dm lezen,2024-04-30 19:35:48+00:00
Coolâœ¨ğŸ‘Œ,2024-04-30 18:24:15+00:00
ğŸ˜ğŸ˜ğŸ˜,2024-04-30 17:56:55+00:00
"How the light falls on her skin, remarkable ğŸ˜ğŸ˜ğŸ˜",2024-04-30 17:53:23+00:00
HM ğŸ‘..,2024-04-30 17:37:34+00:00
FaciasÄ±nÄ±z gerÃ§ekten. Defalarca defalarca online alÄ±ÅŸveriÅŸ yapmaya Ã§alÄ±ÅŸÄ±yorum. Bankadan para Ã§ekiliyor ama sipariÅŸ oluÅŸmuyor. En basit alÄ±ÅŸveriÅŸ platformunda bile bunu yaÅŸamazken sizde nasÄ±l bir aymazlÄ±k var. Peki aramama raÄŸmen Ã¼cretin tekrar iade edilmemesi.,2024-04-30 16:33:04+00:00
Here for the texture ğŸ«¶ğŸ½,2024-04-30 16:06:47+00:00
Love â¤ï¸,2024-04-30 14:55:44+00:00
LoveğŸ˜,2024-04-30 14:46:00+00:00
So niceâ¤ï¸,2024-04-30 14:39:25+00:00
Cekete bayÄ±ldÄ±m ğŸ˜,2024-04-30 14:00:18+00:00
ğŸ˜ğŸ˜ğŸ˜ğŸ˜,2024-04-30 13:37:35+00:00
Code for shorts?,2024-04-30 13:01:49+00:00
ğŸ˜ğŸ˜ğŸ˜ğŸ˜ğŸ˜â¤ï¸â¤ï¸â¤ï¸,2024-04-30 12:54:24+00:00
LOVEEE,2024-04-30 12:53:39+00:00
"Image 1:
Blazer 1228887002

Image 2:
Printed top 1225811001",2024-04-30 12:53:33+00:00
Han den ğŸ–¤ğŸ–¤ğŸ–¤ğŸ–¤ğŸ’œğŸ’œğŸ’œğŸ’œ,2024-05-11 10:12:01+00:00
Thanks ğŸ˜,2024-05-09 10:04:08+00:00
@hmmedellin Colombia,2024-05-09 02:38:07+00:00
@h_m_2727 Hi there! How can we help?,2024-05-08 11:28:55+00:00
Hiii,2024-05-08 06:16:21+00:00
nice wear,2024-05-07 02:05:03+00:00
Itâ€™s 2024 Ditch animal cruelty- ditch down now!,2024-05-05 09:28:57+00:00
"I just canâ€™t get far enough out of this painğŸ˜­ğŸ’”am about to commit suicide,I need someone to talk to who can understand what am going through",2024-05-03 19:46:39+00:00
ğŸ˜,2024-05-02 20:16:28+00:00
Ditch the down,2024-05-02 18:31:08+00:00
"Hello,
Respected 

I Recently Saw Your Profile And Am Really Impressed To See It.

Dear, I think We Built A Great Business Relation Together.
I wanted to work as your manufacturing partners.
I Introduce Myself As CEO Of Chic International.
We are the manufacturer and exporter of Sports Wears and Sports Goods.
OEM and ODM orders accepted.
If you are interested,  i  explain you more about my company.

ThankÂ you.",2024-05-02 18:10:30+00:00
,2024-05-02 15:42:24+00:00
ğŸ”¥,2024-05-02 07:29:01+00:00
@luzadriana_puerta Â¡Hola! Puedes encontrar disponibilidad y precio de este artÃ­culo en el buscador de la web de H&M introduciendo el siguiente nÃºmero de artÃ­culo: 1220281005. Â¡Un saludo!,2024-05-02 06:45:09+00:00
ğŸ‡µğŸ‡¸â™¥ï¸âœ¨,2024-05-02 06:14:02+00:00
@_anakorangy beli beli,2024-05-02 04:13:55+00:00
@cindymmaharani ini loh,2024-05-02 04:13:06+00:00
@nur_alfiyanti18,2024-05-02 00:25:59+00:00
Es pic ke click karne Wale ko 7 topho se salami deni chahiye ğŸ˜‚,2024-05-01 19:20:22+00:00
Wha ğŸ‘ ji wha wha hm aslen members kisne higher kiye btao ğŸ˜‚ğŸ¤¦ğŸ‘‰,2024-05-01 19:19:19+00:00
belikkan ini samaku tolong @cutmutiaaaaaa,2024-05-01 15:57:26+00:00
https://www.instagram.com/p/C6axatFMNid/?igsh=aHAwd2dwM282bjZo,2024-05-01 11:22:40+00:00
"Hm??,",2024-05-01 00:24:51+00:00
Precio,2024-04-30 17:03:55+00:00
@march_viankaa @hdzfhryy__,2024-04-30 13:04:19+00:00
ğŸ”¥ğŸ”¥ğŸ”¥ğŸ”¥,2024-04-30 07:43:02+00:00
Bad picture,2024-04-30 01:26:47+00:00
"Hello, I had a problem with a purchase. The payment was generated 3 times on my credit card but not
 the purchase was made. Can you help me?",2024-04-30 00:47:53+00:00
"Hello, I had a problem with a purchase. The payment was generated 3 times on my credit card but not
 the purchase was made. Can you help me?",2024-04-29 23:26:41+00:00
Beautiful bikini! ğŸ¥°ğŸ¥°ğŸ¥° I finally start seeing Brazilian-like bikini! They are so much more feminine! ğŸ¥°,2024-04-29 21:08:34+00:00
"@dfebiani_1325 Hey fashionista, time to get ready for summer! To view the price and availability of this trendy swimsuit in your country, please search the article numbers 1220281005 and 1224686002 on our website. Happy shopping!",2024-04-29 19:00:41+00:00
How much,2024-04-29 18:48:57+00:00
ğŸ‡µğŸ‡¸ğŸ‡µğŸ‡¸ğŸ‡µğŸ‡¸ğŸ‡µğŸ‡¸,2024-04-29 18:14:04+00:00
Creativity,2024-04-29 16:42:24+00:00
"Land grabbing, violence and illegal deforestation in Brazil is your game with your bestie @zara",2024-04-29 14:42:59+00:00
ğŸ”¥ğŸ”¥ğŸ”¥ğŸ”¥ğŸ”¥,2024-04-29 09:34:58+00:00
ğŸ”¥ğŸ”¥ğŸ”¥ğŸ”¥ğŸ”¥ğŸ™Œ,2024-04-29 09:10:32+00:00
ğŸ”¥ğŸ”¥ğŸ”¥,2024-04-29 05:11:00+00:00
"Hello, thank you for getting in touch with us. If you are interested in checking product availability and prices, we recommend visiting the nearest H&M store or accessing the H&M website.
https://eg.hm.com/en/
For store locations, please click on the link below:
https://locations.alshaya.com/h-m/eg",2024-04-29 03:33:29+00:00
ğŸ˜¢,2024-04-28 22:21:44+00:00
When will the sale start in India ?,2024-04-28 18:10:46+00:00
â¤ï¸ğŸ”¥,2024-04-28 15:03:19+00:00
What is this @hm ğŸ˜‚ğŸ˜‚ğŸ˜‚,2024-04-28 14:22:23+00:00
ğŸ˜‚,2024-04-28 14:21:04+00:00
â¤ï¸,2024-04-28 14:15:57+00:00
@rizqifebrian24_ LANGSUNG BELI INI MAH,2024-04-28 13:52:36+00:00
@xiokek_ sung ajee,2024-04-28 13:41:21+00:00
@hm  Egypt,2024-04-28 13:28:56+00:00
Beautiful ğŸ˜»,2024-04-27 23:51:44+00:00
@josh_seiter_official most stores donâ€™t accept returns if tags have been taken off. Welcome to shopping ğŸ˜‚,2024-04-27 21:36:20+00:00
"Image 1:
Swimsuit 1217609001

Image 2:
Bikini top 1240239003
Bikini bottom 1223367003

Image 3:
Bikini top 1240512005
Bikini bottoms 1227251016",2024-04-26 11:50:53+00:00
Ã¼rÃ¼nler Ã§ok kaliteli,2024-05-07 12:03:36+00:00
DISGUSTING COMPANY!!!,2024-05-04 03:15:25+00:00
Please don't kill animalsğŸ˜”ğŸ‘,2024-05-02 11:15:22+00:00
ğŸ˜ğŸ”¥,2024-05-02 07:29:27+00:00
ğŸ‡µğŸ‡¸ğŸ‡µğŸ‡¸ğŸ‡µğŸ‡¸ğŸ‡µğŸ‡¸ğŸ‡µğŸ‡¸ğŸ‡µğŸ‡¸ğŸ‡µğŸ‡¸ğŸ‡µğŸ‡¸ğŸ‡µğŸ‡¸ğŸ‡µğŸ‡¸ğŸ‡µğŸ‡¸ğŸ‡µğŸ‡¸,2024-05-02 06:14:17+00:00
https://www.instagram.com/p/C6axatFMNid/?igsh=aHAwd2dwM282bjZo,2024-05-01 11:24:19+00:00
"Image 1:
Swimsuit 1217609001

Image 2:
Bikini top 1240239003
Bikini bottom 1223367003

Image 3:
Bikini top 1240512005
Bikini bottoms 1227251016",2024-04-26 11:50:53+00:00
@chelseydenhaaggx kan je me dm sturen,2024-04-30 22:39:43+00:00
Ø§Ù„ÙƒÙˆÙ„ÙƒØ´Ù† Ø®ÙŠØ§Ø§Ø§Ø§Ø§Ù„ÙŠ,2024-04-30 17:06:22+00:00
"Land grabbing, violence and illegal deforestation in Brazil is your game with your bestie @zara",2024-04-29 14:43:08+00:00
"@raveenanair_08 Uh-oh! Please DM us with your query, so that we can assist further. Hope to hear from you soon!",2024-04-29 14:28:07+00:00
Waiting for my order to be picked up since 3+ week and nobody yet picked it up.. its really harsh for telling customers to suffer so much,2024-04-29 11:14:50+00:00
â¤ï¸,2024-04-28 15:03:52+00:00
ğŸ˜ğŸ˜ğŸ˜ğŸ˜,2024-04-27 23:29:07+00:00
ğŸ”¥ğŸ˜ğŸ˜ğŸ˜,2024-04-27 23:23:17+00:00
Hur ska man fÃ¥ nÃ¥gon som helst koll pÃ¥ hur klÃ¤derna ser ut pÃ¥ oss som inte tillhÃ¶r de fÃ¥ som Ã¤r sÃ¥pass smala/magra? ğŸ˜,2024-04-27 22:02:08+00:00
So niceğŸ”¥ğŸ”¥ğŸ”¥ğŸ”¥,2024-04-27 20:40:54+00:00
ğŸ˜,2024-04-27 20:21:12+00:00
"Image 1:
Swimsuit 1217609001

Image 2:
Bikini top 1240239003
Bikini bottom 1223367003

Image 3:
Bikini top 1240512005
Bikini bottoms 1227251016",2024-04-26 11:50:53+00:00
ğŸ‘ğŸ‘,2024-04-27 14:47:11+00:00
ÙƒÙˆØ¨ÙˆÙ† Ø§ØªØ´ Ø§Ù… T710âœ¨,2024-04-27 12:29:47+00:00
@hm hoppas att ni lÃ¤ser @karinkajjan artikel i @goteborgsposten,2024-04-27 09:40:20+00:00
@anakellycss NÃ³s tambÃ©m amamos essa coleÃ§Ã£o!,2024-04-27 09:11:51+00:00
â¤ï¸ğŸ˜,2024-04-27 08:14:22+00:00
#stopfastfashion #payyourworkers,2024-04-27 07:32:52+00:00
@hm Linda coleÃ§Ã£o ğŸ˜˜,2024-04-27 06:55:23+00:00
ğŸŒğŸğŸ,2024-04-27 05:35:08+00:00
@livvvkramer kan je me dm sturen,2024-04-26 21:58:53+00:00
Montana X ft DjEago4ï¸âƒ£4ï¸âƒ£4ï¸âƒ£ğŸ‘ï¸â¤ï¸ğŸ‡¨ğŸ‡¦ğŸ’€ğŸ˜ğŸ•·ï¸DjEago XO CAPALOT Records Check me out on my YouTube channel at Montana X Universe,2024-04-26 19:33:12+00:00
Ipanema@,2024-04-26 18:03:35+00:00
@ktmay31 Thanks for confirming. Please keep a close eye out as we phase this into our stores soon. Take care.,2024-04-26 18:02:58+00:00
@hm Thank you! I'd be shopping in England Bristol,2024-04-26 17:45:29+00:00
Adoro o Rio.,2024-04-26 17:45:16+00:00
Verified Nigga !!,2024-04-26 17:39:05+00:00
"Image 1:
Swimsuit 1217609001

Image 2:
Bikini top 1240239003
Bikini bottom 1223367003

Image 3:
Bikini top 1240512005
Bikini bottoms 1227251016",2024-04-26 11:50:53+00:00
â¤ï¸â¤ï¸,2024-04-26 17:36:13+00:00
â¤ï¸â¤ï¸â¤ï¸â¤ï¸â¤ï¸,2024-04-26 17:31:46+00:00
@ktmay31 Hello! We'd love to help look into this for you. Please let us know which country you are shopping from. Speak with you soon!,2024-04-26 17:31:08+00:00
When is swimwear going in stores please?,2024-04-26 17:22:54+00:00
â¤ï¸ğŸ™ŒğŸ”¥,2024-04-26 16:27:45+00:00
ÙˆÙˆÙ£Ù£-Ù¦Ù†,2024-04-26 16:01:37+00:00
ğŸ˜,2024-04-26 15:18:16+00:00
@anakellycss em que podemos ajudar?,2024-04-26 14:45:35+00:00
OlÃ¡ Brasil ğŸ‡§ğŸ‡·,2024-04-26 14:24:25+00:00
ğŸ”¥â¤,2024-04-26 13:55:50+00:00
ğŸ˜,2024-04-26 13:26:37+00:00
At the best beach ğŸ¤™ğŸ»,2024-04-26 13:20:03+00:00
Rio de janeiro??,2024-04-26 12:12:47+00:00
ğŸ˜ğŸ˜ğŸ˜ğŸ˜,2024-04-26 12:07:37+00:00
ğŸ˜,2024-05-05 00:04:04+00:00
#DitchDown ğŸ¦†ğŸª¿,2024-05-02 11:13:01+00:00
ğŸ˜,2024-05-02 07:34:11+00:00
ğŸ‡µğŸ‡¸,2024-05-02 06:14:51+00:00
https://www.instagram.com/p/C6axatFMNid/?igsh=aHAwd2dwM282bjZo,2024-05-01 11:24:36+00:00
I love ğŸ•¶â¤ï¸,2024-04-27 23:59:47+00:00
ğŸ˜,2024-04-27 15:18:38+00:00
,2024-04-27 11:14:06+00:00
@hm hoppas att ni lÃ¤ser @karinkajjan artikel i @goteborgsposten,2024-04-27 09:41:05+00:00
@noormoke,2024-04-27 07:26:14+00:00
@rachel.rsmln kan je me dm sturen,2024-04-26 18:41:58+00:00
Bu ko'zoynaklar faqat ayollar Uchunmi?,2024-04-26 15:49:40+00:00
××™×–×” ×¡× ×™×£ ×™×© ×‘×’×“×™ ×”×¨×™×•×Ÿ?,2024-04-26 06:53:59+00:00
ğŸ˜,2024-04-26 02:46:45+00:00
ğŸ”¥ğŸ”¥,2024-04-26 01:19:53+00:00
@denise_327 same here !!! Iâ€™ve called the last three days and they keep saying it will be sorted â€˜within a few hoursâ€™. There is no notice on their website though so people are continuing to shop ğŸ§ xx,2024-04-25 20:51:45+00:00
ğŸ˜ ğŸ•¶,2024-04-25 20:41:05+00:00
ğŸ˜ğŸ˜,2024-04-25 16:42:28+00:00
Please bring more Spongebob collaborationsğŸ’›ğŸ©·ğŸ©µâ¤ï¸ğŸ¤ğŸ’šğŸğŸ§½,2024-04-25 16:15:13+00:00
ğŸ˜,2024-04-25 16:12:38+00:00
@carowuyts_ ğŸ˜ğŸ˜ğŸ˜,2024-04-25 15:53:46+00:00
"@denise_327 Hi there! Please DM us your query, so we can try to assist. Thanks!",2024-04-25 15:35:43+00:00
"@hm Any customer service? Package lost, no updated tracking available. Chat service not working and customer service says all their tech is down??",2024-04-25 15:26:37+00:00
ğŸ”¥ğŸ”¥,2024-04-25 14:31:52+00:00
HM ğŸ‘..,2024-04-25 13:41:17+00:00
No official store in Bangladesh,2024-04-25 11:52:05+00:00
@marievervoort ğŸ˜,2024-04-25 11:25:30+00:00
Ù…Ø±Ø­Ø¨Ù‹Ø§ØŒ Ù†Ø­Ù† Ù†Ø¶Ø¹ Ù…ØµÙ„Ø­ØªÙƒ ÙÙŠ Ù‚Ù„Ø¨Ù†Ø§ ÙˆØ³ÙŠØ³Ø¹Ø¯Ù†Ø§ Ø£Ù† Ù†Ù‚Ø¯Ù… Ù„Ùƒ Ø§Ù„Ù…Ø³Ø§Ø¹Ø¯Ø©. Ù‡Ù„ ÙŠÙ…ÙƒÙ†Ùƒ ØªØ£ÙƒÙŠØ¯ Ø§Ù„Ø¨Ù„Ø¯ Ø§Ù„Ø°ÙŠ ØªÙ‚ÙˆÙ… Ø¨Ø§Ù„ØªØ³ÙˆÙ‚ Ù…Ù†Ù‡ Ø­Ø§Ù„ÙŠÙ‹Ø§ØŸ Ù‡Ø°Ù‡ Ø§Ù„Ù…Ø¹Ù„ÙˆÙ…Ø© Ø³ØªØ³Ø§Ø¹Ø¯Ù†Ø§ ÙÙŠ ØªÙ‚Ø¯ÙŠÙ… Ø§Ù„Ù…Ø³Ø§Ø¹Ø¯Ø© Ø§Ù„Ù…Ù†Ø§Ø³Ø¨Ø© Ù„Ùƒ.,2024-04-25 11:22:36+00:00
"WORST PLACE TO WORK EVER! Incredible amateurs all the team of administration and managers .. contract delay, let me know te last day of my proof day that is ""not a match"", manager giving not feedback when was asked before, not precise when the payment will come and on top of that they make a mistake in my payment I need to pay back.. what a nightmare this company!",2024-04-25 10:42:35+00:00
ğŸ˜ğŸ˜ğŸ˜ğŸ˜ğŸ˜,2024-04-25 09:42:37+00:00
ğŸ‘ğŸ‘ğŸ‘ğŸ‘,2024-04-25 09:42:35+00:00
P,2024-04-25 09:37:32+00:00
ğŸ‘ğŸ‘,2024-04-25 09:22:57+00:00
Ø§ÙƒÙ… Ø³Ø¹Ø±,2024-04-25 09:21:17+00:00
ğŸ˜,2024-04-25 09:12:05+00:00
ğŸ˜ğŸ˜ğŸ˜ğŸ”¥ğŸ”¥,2024-04-25 08:58:43+00:00
â¤ï¸,2024-04-25 08:51:44+00:00
â¤,2024-04-25 08:51:37+00:00
ğŸ”¥ğŸ˜,2024-04-25 08:50:23+00:00
ğŸš€ğŸ‘Œ,2024-04-25 08:46:52+00:00
Ø§Ù„ÙØ¶Ù„ Ù„Ù„Ù‡ ÙƒÙ„ Ù…ÙŠÙ† Ø¬Ø±Ø¨ Ø®ÙÙ„ÙÙ„ÙÙ„ÙÙ„ÙØ·Ù‘ØªÙ‘ÙŠÙ‘Ù Ù„ÙÙ„ÙØªÙ‘ÙÙ‘ÙØªÙ‘ÙŠÙ‘ÙÙŠÙ‘ÙÙŠÙ‘ÙÙŠÙ‘ÙØ­ÙŒ Ø´ÙƒØ± Ù…Ù†Ù‡Ø§ ÙˆØ¹Ø§Ø¯ Ø§Ù„ØªØ¬Ø±Ø¨Ø©â¤ï¸â€ğŸ”¥,2024-04-25 08:45:54+00:00
ğŸ˜ğŸ˜ğŸ˜,2024-04-25 08:45:26+00:00
ğŸ™ŒğŸ™ŒğŸ™Œ,2024-04-25 08:43:50+00:00
"Image 1:
Sunglasses 1071879003
Image 2:
Sunglasses 1226714003",2024-04-25 08:43:12+00:00
"Image 1:
Swimsuit 1209690002

Image 2:
Bikini top 1115638001
Bikini bottom 1217611001",2024-04-23 08:48:59+00:00
Má´€sá´› á´á´€ÊŸ Ê™á´€á´€,2024-05-06 23:23:25+00:00
"Hello,
Respected 

I Recently Saw Your Profile And Am Really Impressed To See It.

Dear, I think We Built A Great Business Relation Together.
I wanted to work as your manufacturing partners.
I Introduce Myself As CEO Of Chic International.
We are the manufacturer and exporter of Sports Wears and Sports Goods.
OEM and ODM orders accepted.
If you are interested,  i  explain you more about my company.

ThankÂ you.",2024-05-02 18:10:45+00:00
ğŸ˜,2024-05-01 15:44:24+00:00
ğŸ˜ğŸ˜ğŸ˜ğŸ˜,2024-04-27 23:27:29+00:00
â¤ï¸â¤ï¸â¤ï¸â¤ï¸,2024-04-26 09:33:20+00:00
"Image 1:
Swimsuit 1209690002

Image 2:
Bikini top 1115638001
Bikini bottom 1217611001",2024-04-23 08:48:59+00:00
Ig de la foto 2,2024-04-26 00:24:30+00:00
Ğ’ĞµĞ·ĞµÑ€ Ğ ĞµĞ¿Ğ¾Ñ€Ñ‚?,2024-04-25 21:07:21+00:00
Please bring more Spongebob collaborationsğŸ’›ğŸ©·ğŸ©µâ¤ï¸ğŸ¤ğŸ’šğŸğŸ§½,2024-04-25 16:15:21+00:00
Obsessed,2024-04-25 14:34:06+00:00
ğŸ˜,2024-04-25 13:04:38+00:00
"WORST PLACE TO WORK EVER! Incredible amateurs all the team of administration and managers .. contract delay, let me know te last day of my proof day that is ""not a match"", manager giving not feedback when was asked before, not precise when the payment will come and on top of that they make a mistake in my payment I need to pay back.. what a nightmare this company!",2024-04-25 10:42:44+00:00
ğŸ˜,2024-04-25 07:25:24+00:00
â™¡â™¡â™¡â™¡,2024-04-24 22:15:15+00:00
ğŸ˜ğŸ˜,2024-04-24 19:15:06+00:00
â¤ï¸,2024-04-24 18:42:05+00:00
ğŸ”¥,2024-04-24 16:41:03+00:00
ğŸ”¥ğŸ”¥ğŸ”¥,2024-04-24 15:13:59+00:00
ğŸ”¥ğŸ”¥ğŸ”¥,2024-04-24 14:59:14+00:00
"Image 1:
Swimsuit 1209690002

Image 2:
Bikini top 1115638001
Bikini bottom 1217611001",2024-04-23 08:48:59+00:00
@_.harsh._.rathore._ I had*,2024-04-24 08:39:50+00:00
@_.harsh._.rathore._  then again no response. So Inhad to cancel and get refund. Your customer service was great. They helped me smoothly with the process but I wish I could say same for the website order.,2024-04-24 08:39:41+00:00
NOT A PLEASANT FIRST ORDER EXPERIENCE!! I placed my first order directly from your website and it did not left your warehouse for more than a week and you guys say max 2-7 days. Then I called and complained only to know it's stuck and I waited for 2 more days,2024-04-24 08:38:19+00:00
Can I get her number.,2024-04-24 07:06:28+00:00
#whomademyclothes,2024-04-24 06:58:51+00:00
@hm Is that true that you use cotton from Cerrado? Is that true that your cotton is not only not certified but sourced in violent and corrupted way in wild forests of Brazil???,2024-04-24 06:06:34+00:00
â¤ï¸â¤ï¸,2024-04-24 04:10:09+00:00
ğŸ˜ğŸ˜,2024-04-24 02:13:01+00:00
ğŸ˜,2024-04-23 23:08:50+00:00
ğŸ”¥,2024-04-23 20:44:51+00:00
"S u b l I m e - i n - b l a c k s u I t 

â¤ï¸like if youâ€™re agreeeeeee",2024-04-23 20:02:51+00:00
â¤ï¸,2024-04-23 19:53:05+00:00
@hm,2024-04-23 18:56:12+00:00
"Antalya Mallofantalya maÄŸzanÄ±zda ki kadÄ±n  Ã§alÄ±ÅŸan kasiyerinizin zorbalÄ±ÄŸna maÄŸruz kaldÄ±ÄŸÄ±mÄ± bildirmek isterim.MaÄŸzanÄ±zda  krdi kartÄ±m limiti yok diye Ã¼rÃ¼n satÄ±ÅŸÄ± yapÄ±lamdÄ± ve limiti olmayan kart fiÅŸini istdim fakat veremeyeceklerini sÃ¶ylediler. Israr edin ce de Limiti olmayan fiÅŸi maÄŸaza tarafÄ±ndan kullanÄ±lacaÄŸÄ±nÄ± belirtti kadÄ±n Ã§alÄ±ÅŸan kasiyeriniz.Bana zorluk ,sorun Ã§Ä±kartÄ±ÄŸÄ±mÄ± belirterek bana kasada zorbalÄ±k ve kÃ¼Ã§Ã¼msyen davranÄ±ÅŸlar sergiledi.",2024-04-23 18:54:49+00:00
ğŸ˜,2024-04-23 18:54:45+00:00
"Image 1:
Swimsuit 1209690002

Image 2:
Bikini top 1115638001
Bikini bottom 1217611001",2024-04-23 08:48:59+00:00
Gonna be as big as them one day ğŸ¤ŒğŸ½,2024-04-23 16:40:27+00:00
Worst customer service!âŒâŒâŒâŒâŒ,2024-04-23 16:32:06+00:00
,2024-04-23 15:17:35+00:00
Free Palestine ğŸ‡µğŸ‡¸ğŸ‡µğŸ‡¸,2024-04-23 14:42:20+00:00
Anda que va a bucear un monton sin agua,2024-04-23 14:21:13+00:00
ğŸ¦‹,2024-04-23 13:30:57+00:00
Ù…Ù‚Ø§Ø·Ø¹Ø© âŒ,2024-04-23 12:59:16+00:00
ğŸ™ŒğŸ¿,2024-04-23 12:43:45+00:00
ğŸ˜ğŸ˜,2024-04-23 12:35:51+00:00
ğŸŠğŸ½â€â™€ï¸ğŸŠğŸ½â€â™€ï¸ğŸ‘ğŸ½,2024-04-23 12:01:07+00:00
â¤ï¸â¤ï¸,2024-04-23 11:17:05+00:00
@claudia.panico.1 mi hai riconosciuta per la maschera?ğŸ˜…,2024-04-23 11:05:01+00:00
HM ğŸ‘..,2024-04-23 10:59:19+00:00
